3190,1896,Childish Quarrel
2790,1900,Automated Hat-Maker and Sausage-Grinder
3548,1906,A Story Well Spun
2823,1909,National parade to celebrate the annexation of Congo to Belgium
2980,1918,A Pair of Silk Stockings
6517,1919,Harakiri
2622,2023,The Jade Casket
6093,1921,Orphans of the Storm
6585,1923,The First Degree
5773,1927,The Thrill Seekers
6519,1928,Hara-Kiri
5757,1928,The Adventures of Dr. Dolittle: Tale 2 - Cannibal Land
2706,2023,The ingenuous libertine
4863,1930,The Santa Fe Trail
5373,1930,Hell's Angels
6549,1930,Just Imagine
4205,1931,An American Tragedy
5543,1932,Boudu Saved from Drowning
3266,1935,A Night at the Opera
4897,1936,Dodsworth
3882,1936,Robinson Crusoe of Clipper Island
2283,1937,What Did the Lady Forget?
2166,1939,A Girl with Character
5103,1939,The Day the Bookies Wept
5765,1939,Drums Along the Mohawk
3080,1939,Ninotchka
6609,1940,The Shop Around the Corner
2819,1940,"Brazza, or The Epic of the Congo"
4963,1940,My Favorite Wife
4861,1940,Santa Fe Trail
4683,1941,The Lady Eve
5069,1941,Meet John Doe
3794,1941,Topper Returns
2588,1941,A Yank in the R.A.F.
5021,1941,All That Money Can Buy
4139,1941,They Died with Their Boots On
4689,1942,Reap the Wild Wind
5733,1942,Wake Island
3308,1942,Saludos Amigos
4589,1943,Spies
5447,1943,Phantom of the Opera
4517,1943,The Spider Woman
4595,1944,The Scarlet Claw
5477,1944,On Approval
4681,1944,The Thin Man Goes Home
5693,1945,Story of G.I. Joe
5285,1945,Leave Her to Heaven
3629,1946,A Night in Casablanca
4112,1946,Cloak and Dagger
2334,1947,My Favorite Brunette
5653,1947,The Ghost and Mrs. Muir
2416,1947,Captain Boycott
3292,1948,The Big Clock
3306,2023,Planned Parenthood
5721,1949,The Barkleys of Broadway
6537,1949,The Third Man
5513,1950,The Great Rupert
3138,1950,Panic in the Streets
2600,1951,We're Getting Married
5063,1951,Operation Pacific
4831,1951,Diary of a Country Priest
5233,1952,The Damned Lovers
2598,1952,We're Not Married!
4951,1952,The Duel at Silver Creek
2455,1953,Lady Chatterley of Japan
2168,1953,Alyosha Ptitsyn Develops Character
5337,1953,"The 5,000 Fingers of Dr. T."
6427,1953,Little Fugitive
2172,1954,A Suspicious Character
4771,1954,Seven Samurai
6539,1954,The High and the Mighty
4064,1954,Le Rouge et le Noir
3970,1955,Rage at Dawn
5871,1955,The Prisoner
6341,1955,The Trouble with Harry
4357,1955,The bravado of the Österman brothers
6075,1956,1984
2846,1956,The Killing
2830,1956,Congo Crossing
5259,1956,Earth vs. the Flying Saucers
5139,1956,Death in the Garden
5723,1957,Designing Woman
5367,1957,The Delicate Delinquent
2978,1957,Silk Stockings
3294,1958,Three o'clock in the morning in a big city
5947,1958,The Strange World of Planet X
5049,1958,The Young Lions
5969,1958,Mon Oncle
4355,1958,The Bravados
2924,1958,The Boy Who Came Back
6263,1958,Fiend Without a Face
4501,1958,The Crawling Eye
5141,1958,His Scarlet Cloak
2122,1958,The 7th Voyage of Sinbad
3282,1958,Mannequin in Red
4999,1959,Main Nashe Mein Hoon
5861,1959,No Name on the Bullet
4387,1959,Carlton-Browne of the F.O.
3240,1959,North by Northwest
4601,1959,The Mouse That Roared
4048,1959,Third Man on the Mountain
5065,1959,Operation Petticoat
4597,1960,Eyes Without a Face
5119,1960,13 Ghosts
4191,1960,Cinderfella
5087,1961,Yojimbo
2224,1961,"The Man Who Challenged 8,000,000-Koku"
4030,1961,The American Beauty
3734,1961,Town Without Pity
5885,1961,King of Kings
4973,1961,Devil's Nursery Rhyme
5725,1962,Woman of Design
6085,1962,Cléo from 5 to 7
5611,1962,Experiment in Terror
6535,1962,H.M.S. Defiant
5299,1962,Tales of Terror
5231,1962,The War Lover
6511,1963,Mooga Manasulu
3998,1963,High and Low
5017,1963,David Susskind Archive: Interview With Dr. Martin Luther King Jr
5091,1963,Miracle of the White Stallions
4040,1963,The Terror
4731,1963,The Three Stooges Go Around the World in a Daze
2640,1963,Sleepy Eyes of Death 1: The Chinese Jade
2427,1963,"Move Over, Darling"
2252,1964,Hot Enough for June
4275,1964,Cavalry Charge
4403,2023,"Mr. Magoo, Man of Mystery"
3168,1964,The Fall of the Roman Empire
3700,1964,The Unsinkable Molly Brown
2174,1964,P.Ramlee Characteristics
4277,1965,Assault on Fort Texan
4769,1965,The Crown Jewels of Iran
4957,1965,The Cincinnati Kid Plays According to Hoyle
5893,1965,Baby the Rain Must Fall
2946,1965,The Great Race
2176,1965,Six Characters In Search Of An Author
4809,1965,The Bedford Incident
4955,1965,The Cincinnati Kid
6485,1965,Dr. Goldfoot and the Bikini Machine
2721,1965,The Embalmer
4263,1965,Loves of a Blonde
6457,1966,The Rare Breed
3556,1966,The Trouble with Angels
3262,1966,Cast a Giant Shadow
4539,1966,Tokyo Drifter
6359,1966,"Paradise, Hawaiian Style"
3848,1966,Torn Curtain
4801,2023,1966 World Cup Final
5329,1966,The Battle of Algiers
5903,1966,The Professionals
3350,1966,Thunderbirds Are GO
3672,1966,"Ebirah, Horror of the Deep"
3290,1967,Marat/Sade
3492,1967,The Taming of the Shrew
3032,1967,The Goddess of Mercy
3964,1967,The Killing Game
5955,1967,The Gnome-Mobile
2462,2023,Fanny Hill Meets Lady Chatterley
4094,1967,Quatermass and the Pit
6579,1967,Tony Rome
3112,1968,The Devil's Brigade
4645,1968,A Piece of Her Action
5973,1968,Targets
6345,1968,Theorem
2206,1968,Be Sick… It's Free
2628,1968,The Jade Raksha
3908,1969,The Prime of Miss Jean Brodie
6225,1969,The Diamond Arm
6217,1969,Midnight Cowboy
3916,1969,My Side of the Mountain
3514,1969,Guns of the Magnificent Seven
2510,1969,The Misused Love Letters
5545,1969,Looking Back on Boudu Saved from Drowning
2550,1970,"The Good, the Bad and the Beautiful"
5089,1970,Zatoichi Meets Yojimbo
3640,1970,Rio Lobo
6611,1970,On a Clear Day You Can See Forever
4523,1970,Churchill's Leopards
6067,1970,The Murder of Mr. Devil
4100,1970,The Lickerish Quartet
4541,1970,Delinquent Girl Boss: Tokyo Drifters
3642,1970,Plimpton! Shoot-Out at Rio Lobo
3474,1970,The Pacifist
4245,1971,"People of the Seal, Part 2: Eskimo Winter"
5591,1971,The Cat o' Nine Tails
5657,1971,Summer of '42
5407,1971,Sweet Sweetback's Baadasssss Song
5571,1971,The Abominable Dr. Phibes
3780,1971,Pink Narcissus
4143,1971,Beware of a Holy Whore
5481,1971,A Bay of Blood
4583,1971,Dracula vs. Frankenstein
5747,1971,Women in Cages
3078,1971,Gentlemen of Fortune
5071,1972,The Cowboys
5835,1972,Scooby-Doo Meets Batman
5631,1972,Bawarchi
5239,1972,"Play It Again, Sam"
3224,1972,Chato's Land
6181,1972,The Big Bust Out
4161,1972,Shaft's Big Score!
4543,1972,The Valley
6041,1972,Greaser's Palace
3312,1972,Foreigner's Mistress Oman: Tempestuous Skin
2256,1972,What the Peeper Saw
2374,1972,Seeta and Geeta
4841,1972,Gargoyles
2291,1972,What?
5363,1972,Cries and Whispers
2972,2023,Lord Peter Wimsey Mysteries: Murder Must Advertise
2663,2023,III. Richárd
2696,1973,Sex Is Beautiful
6479,1973,Doctor Who: Carnival of Monsters
2466,1973,Zatoichi's Conspiracy
3310,1973,Female Yakuza Tale
4257,1973,Hospitals: The White Mafia
3082,1973,Even Ninotchka takes off her panties
5397,2023,Bruce Lee: A Dragon Story
4042,1974,The Autobiography of Miss Jane Pittman
3296,1974,Herbie Rides Again
3522,1974,The Sinful Nuns of Saint Valentine
5839,1974,Return of the Dragon
4072,1974,House of Whipcord
6581,1974,A Very Natural Thing
3398,1974,The Legend of the 7 Golden Vampires
3438,1974,Flesh Gordon
5247,1974,California Split
5165,1974,Frank Sinatra: The Main Event
2762,1974,"At Home Among Strangers, a Stranger Among His Own"
3066,1975,The Strongest Man in the World
5593,1975,Queen of the Stardust Ballroom
5981,1975,Funny Girl to Funny Lady
5979,1975,Funny Lady
4755,1975,Starsky and Hutch
3400,1975,The Day of the Locust
5137,1975,The Kingfisher Caper
6389,1975,The Devil's Rain
3864,1975,Three Days of the Condor
2332,1975,The Return of Sister Street Fighter
3170,1976,Atlas: A Sketch of the Rise and Fall of the Roman Empire
6057,1976,"What's The Big Idea, Ben Franklin?"
2868,1976,The Killing of a Chinese Bookie
5339,1976,The Slipper and the Rose
4629,1976,Logan's Run
6179,1976,The Big Bus
5149,1976,The Return of a Man Called Horse
5615,1976,Swashbuckler
3631,1976,In the Realm of the Senses
6011,1976,Marathon Man
2718,2023,Returned Libertines
3232,1976,Led Zeppelin - The Song Remains the Same
5495,1976,Rocky
3028,1976,Barney
4789,1976,Mikey and Nicky
3564,1976,The Little Girl Who Lives Down the Lane
6557,1976,Eaten Alive
2525,1977,The Love Letters from Teralba Road
2514,1977,Love Letters of a Portuguese Nun
5803,1977,Breaker! Breaker!
2626,1977,Jade Tiger
2453,1977,Young Lady Chatterley
4153,1977,Empire of the Ants
2638,1977,Moonlight Sword and Jade Lion
2464,1977,Lady Chatterly in Tokyo
5229,1977,The Duellists
5375,1977,Hell's Angels: Crimson Roar
4643,1977,A Piece of the Action
4389,1977,Abigail's Party
4207,1977,Return of the Chinese Boxer
3040,1978,Get Out Your Handkerchiefs
5553,1978,Gray Lady Down
4141,1978,Silver Saddle
2900,1978,Tough Guy
5187,1978,Attack of the Killer Tomatoes!
5059,1978,Rescue from Gilligan's Island
3164,1978,The Deer Hunter
2642,1978,The Eighteen Jade Arhats
2356,1979,Island of the Fishmen
6425,1979,The Fifth Musketeer
3876,1979,Saint Jack
2881,1979,Winter Kills
3214,1979,Butch and Sundance: The Early Days
3530,1979,The Onion Field
2164,1979,The Triple Death of the Third Character
5257,1980,The Making of 'Superman: The Movie'
4239,2023,Real Kung Fu Of Shaolin
3300,1980,The Final Countdown
5385,1980,Moscow Does Not Believe in Tears
6559,1980,Eaten Alive!
5749,1980,Caged Women
5507,1980,Return of the Secaucus Seven
5971,1980,My American Uncle
5319,1980,The Leg Fighters
2719,1980,The True Story of the Nun of Monza
4625,1980,My Bodyguard
5557,1980,The Night of the Hunted
4124,1980,Doctor Who: The Leisure Hive
2799,1980,Woman Grinder's Revenge
4533,1980,Love on the Big Country
6199,1980,Popeye
5649,1980,Seems Like Old Times
4895,1981,Taxi zum Klo
6339,1981,Inseminoid
4535,1981,American Pop
3910,1981,From Mao to Mozart: Isaac Stern in China
3520,1981,Sadomania
5461,1981,For Your Eyes Only
4463,1981,"The Adventures of Sherlock Holmes and Dr. Watson: The Hound of the Baskervilles, Part 1"
3820,1981,The Return of the Beverly Hillbillies
6121,1981,My Dinner with Andre
5389,1981,Quest for Fire
5391,2023,The Quest for Fire Adventure
6159,1982,The Marx Brothers in a Nutshell
3088,1982,Richard Pryor: Live on the Sunset Strip
6463,1982,The Masters of Time
5739,1982,Dead Men Don't Wear Plaid
6211,1982,Britannia Hospital
2956,2023,Stevie Ray Vaughan and Double Trouble Live at Montreux 1982
3188,1982,Querelle
6355,1982,The Pirate Movie
2210,1982,Sick Love
4735,1982,Creepshow
3146,1982,Airplane II: The Sequel
2218,2023,8-MAN NEVER SLEEPS
3676,1983,The Architecture of Frank Lloyd Wright
5843,1983,The Indomitable Teddy Roosevelt
4062,1983,The Scarlet and the Black
3494,1983,William Shakespeare's Taming of the Shrew
4441,1983,Fantasy Mission Force
5457,1983,To the Lighthouse
4647,1983,Bill Cosby: Himself
3532,1983,Lies
4032,1983,Winners & Sinners
5349,1983,Krull
5601,1983,National Lampoon's Vacation
3558,1983,Jeans and T-Shirt
5333,1983,"Finally, Sunday!"
3098,1983,Smokey and the Bandit Part 3
5369,1983,Prisoners of the Lost Universe
5117,1983,All the Right Moves
3484,1983,Star 80
2894,1983,Silkwood
4455,1984,The Lonely Guy
2326,1984,The 8 Diagram Pole Fighter
5263,1984,The Ring
5535,1984,Repo Man
4893,1984,Future Boy Conan: The Big Giant Robot's Resurrection
6595,1984,Nausicaä of the Valley of the Wind
6507,1984,"Stephen, the King"
4723,1984,Invitation to Hell
4114,1984,Cloak & Dagger
5683,1984,The Pope of Greenwich Village
6277,1984,Rhinestone
3754,1984,The Making of Fanny and Alexander
2358,1984,Silent Madness
2854,1984,The Killing Fields
5505,1984,2010
3330,1984,Micki + Maude
3852,1984,Mrs. Soffel
6577,1985,Dead Kennedys: DMPO's on Broadway
4751,1985,Elvis Presley - One Night With You
4173,1985,The Last Dragon
5887,1985,Baby: Secret of the Lost Legend
3726,1985,Girls Just Want to Have Fun
2982,1985,Rambo: First Blood Part II
5227,1985,Odin: Starlight Mutiny
5727,1985,Better Off Dead...
6349,1985,American Ninja
6597,1985,The Journey of Natty Gann
5155,1985,Silver Bullet
3788,1985,The Return of Rubén Blades
3004,1985,Mr. Vampire
2932,1985,Doña Herlinda and Her Son
2459,1985,Young Lady Chatterley II
3930,1985,Barbarian Queen
2352,1986,Girls School Screamers
4271,1986,Police Academy 3: Back in Training
2239,1986,8 Million Ways to Die
4046,1986,"Jo Jo Dancer, Your Life Is Calling"
6007,1986,Breeders
6239,1986,Sesame Street: Learning About Letters
4671,1986,Niagara - Miracles Myths and Magic
6439,1986,Rocky VI
5783,1986,Royal Warriors
2746,1986,The Mexican Tapes: A Chronicle of Life Outside the Law
3006,1986,Mr. Vampire II
3938,1987,Return to Horror High
5203,1987,Outrageous Fortune
4737,1987,Creepshow 2
6351,1987,American Ninja 2: The Confrontation
3656,1987,Wings of Desire
4907,1987,Back to the Beach
4349,1987,Cause célèbre
4189,1987,Matewan
6325,1987,Amazon Women on the Moon
4110,1987,Freckled Max and the Spooks
2554,1987,"The Good, The Bad & The Beauty"
6591,1987,They Call Me Renegade
3198,1987,Cherry 2000
3302,1987,Europe: The Final Countdown World Tour
4411,1988,The Making of Dead Ringers
5211,1988,For Keeps
4431,1988,The House on Carroll Street
5785,1988,Hands of Death
3888,1988,Hurricane Live! 2032
4351,1988,Whisper Kill
3504,1988,The Last Temptation of Christ
3822,1988,George Carlin: What Am I Doing in New Jersey?
4371,1988,Who Framed Roger Rabbit
2338,1988,Neil Diamond: Greatest Hits Live
2226,1988,8-8-88 Church of Satan Mansonite Rally
4641,1988,Sleepaway Camp II: Unhappy Campers
4409,1988,Dead Ringers
5963,1988,First Born
2620,2023,The House of Jade
6381,1988,Fresh Horses
6253,1988,The Cold Summer of 1953
3740,1988,Mississippi Burning
3940,1988,Young Einstein
4253,1988,Hellbound: Hellraiser II
2449,2023,Lady Chatterley II
5085,1989,Dark Side of China Town
4335,1989,Major League
3042,1989,Cannibal Women in the Avocado Jungle of Death
4719,1989,Disorganized Crime
4393,1989,Fast Food
5039,1989,How I Got Into College
2435,1989,Lady Chatterley's Passions
2938,1989,A Fishy Story
2237,1989,Friday the 13th Part VIII: Jason Takes Manhattan
3304,1989,Parenthood
2170,1989,Two Strange Characters
3644,1989,Halloween 5: The Revenge of Michael Myers
5235,1989,Doctor Who: Ghost Light
3222,1989,Gross Anatomy
5327,1989,Harlem Nights
5603,1989,National Lampoon's Christmas Vacation
4457,1989,Music Box
3394,1990,Sesame Street: Sing Yourself Silly!
4066,1990,Blue Planet
4307,1990,Coma
4385,1990,The Haunting of Morella
4653,1990,C'est La Vie
3668,1990,Nightbreed
4859,1990,Too Young to Die
3606,1990,Body Chemistry
3490,1990,French & Saunders LIVE
2751,1990,Barbarian Queen II: The Empress Strikes Back
4785,2023,Super Gals Mate
4449,1990,Ernest Goes to Jail
4925,1990,A Dangerous Man: Lawrence After Arabia
4717,1990,Back to the Future Part III
5033,1990,A Moment of Romance
3890,1990,Hurricane Live! 2033
4265,1990,R.E.M.: Pop Screen
3440,1990,Flesh Gordon Meets the Cosmic Cheerleaders
5877,1990,Presumed Innocent
5217,2023,Indigo Girls: Live at the Uptown Lounge
3540,1990,R.E.M. Tourfilm
6437,1990,Rocky V
4008,1990,Predator 2
4353,1990,Whispers
5811,1990,Look Who's Talking Too
2445,1991,The Loves of Lady Chatterley
4799,1991,Cup Final
5043,1991,Bidhilipi
3076,1991,The Terror Within II
3328,1991,100 Days Before the Command
2293,1991,Class of Nuke 'Em High 2: Subhumanoid Meltdown
6089,1991,Hook
3578,1991,Out for Justice
5223,1991,The Object of Beauty
3942,1991,Drop Dead Fred
4593,1991,The Killing Mind
3968,1991,Hudson Hawk
6141,1991,All's Quiet on the Recruit Front
4551,1991,Boyz n the Hood
4339,1991,Mobsters
4132,1991,Talkin' Dirty After Dark
5879,1991,Guilty Until Proven Innocent
5383,1991,Vegas in Space
5719,1991,Riki-Oh: The Story of Ricky
2336,1991,Antarctica: An Adventure of a Different Nature
4375,1991,Curly Sue
5761,1991,29th Street
5291,1991,The Gambler Returns: The Luck Of The Draw
4721,1991,Dragon Ball: The Magic Begins
5451,1991,Fried Green Tomatoes
3382,1992,Zero Option
3966,1992,Kuffs
2602,1992,Does This Mean We're Married?
6363,1992,Radio Flyer
5837,1992,Dragon Ball Z: The Return of Cooler
4413,1992,Indochine
4795,1992,Deep Cover
4675,1992,Incident at Oglala
2220,1992,8 Man - For All Lonely Nights
4565,1992,A Stranger Among Us
4891,1992,Giant Robo: The Day the Earth Stood Still
6375,1992,Mo' Money
3760,1992,Simple Men
6455,1992,To Grandmother's House We Go
4086,1992,The Smiths: The Complete Picture
6079,1992,Passion Fish
3552,1992,Chaplin
5253,1992,Cyber Eden
5987,1993,Leprechaun
5729,1993,Better Off Dead.
5353,1993,RoboCop 3
3619,1993,Heartbeat
3722,1993,Untamed Heart
3568,1993,Genesis - The Way We Walk: Live in Concert
5531,1993,The Sandlot
5395,1993,Dragon: The Bruce Lee Story
2968,1993,The Eye of Vichy
3026,1993,Living Naked
6395,1993,Sleepless in Seattle
4379,1993,Yu Yu Hakusho: The Movie - The Golden Seal
5159,1993,Rising Sun
5143,1993,The Snapper
3814,1993,Surf Ninjas
6163,1993,Sade: Life Promise Pride Love
4116,1993,Bad Boy Bubby
6399,1993,The Nick Of Time
5001,1993,Dottie Gets Spanked
5875,2023,Wiggle Time! The Wiggles Video
4325,1993,For the Moment
3818,1993,The Beverly Hillbillies
4163,1993,Baazigar
2586,1993,Devo: The Complete Truth About De-Evolution
5589,1993,Madonna: The Girlie Show - Live Down Under
3030,1993,Nurses on the Line: The Crash of Flight 7
2942,1993,White Lotus Cult
6177,1993,Geronimo: An American Legend
6377,1993,Darr
2178,2023,Paula Abdul's Get Up & Dance
2372,2023,By the Dawn's Early Light
2747,1994,Blood Run
4185,1994,Cheyenne Warrior
4673,1994,Cirque du Soleil: Baroque Odyssey
5015,1994,"Dr. Martin Luther King, Jr.: A Historical Perspective"
2940,1994,One Arm Hero
5731,1994,Tupperware!
5225,1994,Blue Chips
4373,1994,Royal Deceit
6059,1994,Yanni: Live at the Acropolis
6197,1994,Nina Takes a Lover
3446,1994,Mother's Boys
5305,1994,Monkey Trouble
4337,1994,Major League II
4377,1994,Yu Yu Hakusho: Poltergeist Report
4659,1994,Serial Mom
4435,1994,Widows' Peak
5675,1994,Crooklyn
4661,1994,Return to a Better Tomorrow
5377,1994,Hammers Over the Anvil
4827,1994,Eat Drink Man Woman
2320,1994,Street Fighter II: The Animated Movie
4122,1994,Totally F***ed Up
4975,1994,Blankman
2318,1994,Grappler Baki: The Ultimate Fighter
4687,1994,There Goes My Baby
5901,1994,Léon: The Professional
3599,1994,Princess Caraboo
3406,1994,Ed Wood
4547,1994,Clerks
3980,1994,Radioland Murders
3256,1994,Oleanna
4709,1994,La Séparation
3976,1994,The Santa Clause
5037,1994,The Swan Princess
4941,1994,The Pagemaster
4943,1994,The Making of 'The Pagemaster'
6369,1994,Red Rose White Rose
2366,1994,Immortal Beloved
6015,1994,Death Machine
4549,1995,Clerks.
5485,1995,A Chinese Odyssey Part One: Pandora's Box
3886,1995,The Avenging Angel
4347,1995,Dolores Claiborne
2916,1995,Star Trek: The Next Generation - Chain of Command
2447,2023,Lady Chatterley's Passions 2: Julie's Secret
4054,1995,My Family
6361,1995,"Playboy: The Girls of Hawaiian Tropic, Naked in Paradise"
6335,1995,Casper
5003,1995,Stripteaser
3974,1995,First Knight
4817,1995,Dangerous Minds
3892,1995,Butterfly Kiss
3202,1995,The Neon Bible
3982,1995,Rangeela
4058,1995,Shanghai Triad
3608,1995,Body Chemistry 4: Full Exposure
3720,1995,Les Misérables: 10th Anniversary Concert at the Royal Albert Hall
5249,1995,The Hemp Revolution
2760,1995,Maya Lin: A Strong Clear Vision
3370,1995,Ace Ventura: When Nature Calls
6587,1995,The American President
6397,1995,Nick of Time
4279,1995,Visitors of the Night
4555,1995,A Single Girl
6583,1995,First Degree
4853,1995,Sense and Sensibility
2488,1995,Silent Service
6357,1995,The Princess and the Pirate: Sandokan the TV Movie
4685,1995,More Loverly Than Ever: The Making of 'My Fair Lady'
5563,1996,Mischievous
6187,1996,Van Halen: Video Hits Vol. 1
6551,1996,Poison Ivy 2: Lily
2490,1996,The Spitfire Grill
4669,1996,White Squall
5109,1996,America's Dream
6173,1996,The Gingko Bed
5577,1996,The Late Shift
4783,1996,Doraemon: Nobita and the Galaxy Super-express
2546,1996,"The Good, The Bad, and the Beautiful"
5035,1996,A Moment of Romance III
4995,1996,Young and Dangerous 2
5317,1996,A Thin Line Between Love and Hate
4303,1996,The Quest
6207,1996,Soul of the Game
2898,1996,Iron Monkey 2
4843,1996,Gargoyles: The Heroes Awaken
5951,1996,Earth
3122,1996,Regular Guys
4503,1996,A Perfect Candidate
2128,1996,A Little Dinosaur Dooly - The Adventure of Ice Planet
3336,1996,Blue Seed Beyond
3776,1996,Basquiat
4873,1996,R.E.M. Road Movie
5163,1996,Tromeo & Juliet
3226,1996,Unhook the Stars
3338,1996,If These Walls Could Talk
4311,1996,Last Man Standing
4793,1996,Gloria Estefan: The Evolution Tour Live In Miami
5817,1996,Children of the Corn IV: The Gathering
6503,1996,The Twilight of the Golds
3486,1996,The Rolling Stones Rock and Roll Circus
3748,1996,Michael Collins
5439,1996,To Gillian on Her 37th Birthday
5713,1996,Brassed Off
4044,1996,Black Jack: The Movie
5427,1996,Paradise Lost: The Child Murders at Robin Hood Hills
4201,1996,Marvin's Room
2422,2023,The Disney Boycott: A Just Cause
4569,2023,Landmarks of Early Film
6523,1997,Revolutionary Girl Utena: The Musical Comedy
2693,2023,The Making of 'DragonHeart'
4713,1997,Mr. Nice Guy
3422,1997,Mandela and de Klerk
3816,1997,George Carlin: Personal Favorites
2753,1997,Vampire Journals
3346,1997,The Devil's Own
4365,1997,City of Industry
3018,1997,Spirit Lost
3464,1997,Chasing Amy
4515,1997,Man Ray: Prophet of the Avant-Garde
5023,1997,Convict 762
5523,1997,"Truth or Consequences, N.M."
5311,1997,The Eel
4317,1997,Todd McFarlane's Spawn
3196,2023,The Impostor
6567,1997,Til There Was You
2930,1997,G3: Live In Concert
3516,1997,Afula Express
4060,1997,Hero
3724,1997,Love Can Seriously Damage Your Health
3732,1997,Bean
3808,1997,Princess Mononoke
3244,1997,Neon Genesis Evangelion: The End of Evangelion
6009,1997,Deadly Instincts
4313,1997,Daud
5147,1997,Sesame Street: Elmo Saves Christmas
4961,1997,Henry Fool
3038,1997,The Game
3868,1997,A Thousand Acres
6167,1997,Waco: The Rules of Engagement
5933,1997,Voltage Fighter Gowcaizer
5255,1997,The Batman Superman Movie: World's Finest
5221,1997,Year of the Horse
5581,1997,Most Wanted
6553,1997,Poison Ivy: The New Seduction
5487,1997,Chinese Box
5297,2023,Flood: A River's Rampage
5191,1997,Lawn Dogs
3380,1997,Option Zero
4227,1997,Office Killer
4401,1997,Mr. Magoo
5547,1997,The Education of Little Tree
3360,1998,Hell Mountain
3332,1998,Sarah Brightman in Concert
3621,1998,The Replacement Killers
5525,1998,Krippendorf's Tribe
5175,1998,The Last New Year's Eve
2431,1998,FernGully 2: The Magical Rescue
3460,1998,Wild Things
3452,1998,Storefront Hitchcock
5355,1998,Virtual Girl
2728,1998,Counter Measures
5873,1998,The Wiggles: Wiggle Time
5975,1998,Case Closed: The Fourteenth Target
5915,1998,He Got Game
4273,1998,The Mighty
3806,1998,Mr. Jealousy
6443,1998,AFI's 100 Years... 100 Movies: America's Greatest Movies
5651,1998,Hard
6415,1998,Shanghai Affairs
3024,1998,Naked Lies
4453,1998,Halloween H20: 20 Years Later
3212,1998,Henry: Portrait of a Serial Killer 2 - Mask of Sanity
4603,1998,Dead Man on Campus
4319,1998,Todd McFarlane's Spawn 2
4006,1998,Jimmy Neutron: Runaway Rocketboy!
4511,1998,Gloria Estefan: Don't Stop
6065,1998,Mr. Murder
6607,1998,The Minion
6147,1998,Legalese
6103,1998,The Life and Times of Hank Greenberg
2532,1998,Rudolph the Red-Nosed Reindeer: The Movie
3442,1998,Modern Vampires
3812,1998,The Legend of 1900
3936,1998,Summer of the Monkeys
4649,1998,Goosebumps: Cry of the Cat
6467,1998,Babe: Pig in the City
6135,1998,Sweepers
6035,1998,God.com
4779,1998,Zakhm
4437,1998,Hot War
4479,1998,"Simão, o Fantasma Trapalhão"
4631,1998,The Faculty
6405,1998,The Dimension Travelers
2429,1999,Classic Albums: Meat Loaf - Bat Out of Hell
3924,1999,The Escort III
4699,1999,If We Had No Moon
4759,1999,The Girl of My Dreams
4811,1999,The Muse
4425,1999,A Slipping Down Life
3846,1999,The Passion of Ayn Rand
4567,1999,A Stranger Among Us: Searching for Nick Drake
4209,1999,Veronica 2030
3702,1999,My Favorite Martian
5219,1999,Aimée & Jaguar
4297,1999,Angel's Dance
3064,1999,Demon Warrior Koji
6387,1999,The Dragon's Egg: Making Peace on the Wreckage of the Twentieth Century
4092,1999,The Secrets of the Dead Sea Scrolls
3914,1999,Love Songs
5669,1999,Batman Beyond: Tech Wars / Disappearing Inque
4137,1999,The Underground Comedy Movie
4787,2023,A Love Divided
6095,1999,The Limey
3510,1999,Dr. Quinn Medicine Woman: The Movie
3274,1999,Ghost Dog: The Way of the Samurai
3922,1999,The Last Seduction II
6441,1999,AFI's 100 Years... 100 Stars: America's Greatest Screen Legends
6081,1999,Komodo
4519,1999,Loving Jezebel
3036,1999,The Tricky Master
5595,1999,Teaching Mrs. Tingle
6521,1999,Revolutionary Girl Utena: The Adolescence of Utena
3764,1999,Cardcaptor Sakura: The Movie
6513,1999,Rammstein - Live aus Berlin
4791,1999,The Mating Habits of the Earthbound Human
3324,1999,Cold Harvest
3990,1999,New Waterford Girl
3562,1999,Third World Cop
4028,1999,American Beauty
4283,1999,Running Out of Time
3918,1999,Mumford
4197,1999,Ricky Martin - The Video Collection
5945,1999,Strange Planet
3698,1999,Saturday Night Live: The Best of Dana Carvey
6385,1999,Century of the Dragon
6481,1999,The Omega Code
6161,1999,Children of the Corn 666: Isaac's Return
2765,1999,6ixtynin9
5679,2023,The Stars of Star Wars
6069,1999,Bringing Out the Dead
5183,1999,Coral Sea Dreaming
5831,1999,Agnes Browne
5473,1999,Charisma
5515,1999,Season's Beatings
2612,2023,Jade Stalk
5509,1999,Witness Protection
2330,1999,Street Fighter Alpha: The Movie
6547,1999,Fantasia 2000
2749,2023,Lost in the Pershing Point Hotel
3896,2000,Santana: Supernatural Live
4559,2000,Don Henley - Live Inside Job
2723,2000,Ricky Martin: One Night Only
1873,2000,Cheeky
4088,2000,Tokyo Raiders
1867,2000,Scream 3
5791,2000,The Foul King
5199,2000,Forgotten Silver
1886,2000,One Piece: The Movie
3340,2000,If These Walls Could Talk 2
1875,2000,Malena
1868,2000,Final Destination
1897,2000,Traffic
1871,2000,The Road to El Dorado
1866,2000,American Psycho
3898,2000,Santana - Live in Tokyo Supernatural Tour
3534,2000,The Flintstones in Viva Rock Vegas
5501,2000,Take Me Home: The John Denver Story
3550,2000,Playing Mona Lisa
1863,2000,Gladiator
5925,2000,Freeway II: Confessions of a Trickbaby
1869,2000,Dinosaur
5463,2000,Inside 'For Your Eyes Only'
1865,2000,Mission: Impossible II
1874,2000,Big Momma's House
6077,2000,Britney Spears - Live and More!
1887,2000,Gone in Sixty Seconds
6123,2000,Beautiful Joe
1895,2000,Amores Perros
1879,2000,"Me, Myself & Irene"
1872,2000,Chicken Run
1870,2000,Baise-moi
1882,2000,The Patriot
1894,2000,The Perfect Storm
1861,2000,Scary Movie
1896,2000,Pokémon 3: The Movie
3766,2000,Cardcaptor Sakura: The Sealed Card
2689,2000,DragonHeart: A New Beginning
3944,2000,With a Friend Like Harry...
6471,2000,The Bogus Witch Project
1893,2000,Vampire Hunter D: Bloodlust
1898,2000,"O Brother, Where Art Thou?"
1878,2000,Snatch
3192,2000,Dinner Rush
5027,2000,Our Lady of the Assassins
4729,2000,Teacher's Pet
1880,2000,Men of Honor
5335,2000,Dr. T & the Women
1900,2000,Almost Famous
5029,2000,Yi Yi
2990,2000,Chain of Fools
1888,2000,Naked Poison
1883,2000,In the Mood for Love
1892,2000,Remember the Titans
1877,2000,Memento
5905,2000,Dust To Dust
2265,2000,Shriek If You Know What I Did Last Friday the Thirteenth
6227,2000,Girls Can't Swim
3414,2000,Pay It Forward
4477,2000,O Fantasma
2970,2000,Bruce Lee: A Warrior's Journey
5467,2000,Hate.Com: Extremists on the Internet
3854,2000,Mission Kashmir
5833,2000,Hellraiser: Inferno
1891,2000,Charlie's Angels
1881,2000,Joseph: King of Dreams
4267,2000,Better Than Sex
1899,2000,Little Nicky
6175,2000,The Legend of Gingko
1864,2000,How the Grinch Stole Christmas
4531,2000,For Love or Country: The Arturo Sandoval Story
1885,2000,Unbreakable
4617,2000,On Cukor
3144,2000,Dead or Alive 2: Birds
3372,2000,In His Life: The John Lennon Story
5307,2000,The Land Before Time VII: The Stone of Cold Fire
1884,2000,Dungeons & Dragons
1890,2000,Vertical Limit
2934,2000,Inside The Space Station
1862,2000,The Emperor's New Groove
1889,2000,What Women Want
5201,2000,Behind the Bull
1876,2000,Cast Away
2376,2001,My Beautiful Son
3716,2001,Millennium Actress: Tracks
3850,2001,'Torn Curtain' Rising
4345,2023,The Perfect Storm: Rescues
5957,2001,Angel Sanctuary
6331,2001,Peril
6255,2001,Porn Star: The Legend of Ron Jeremy
5453,2001,The Wedding Planner
3708,2001,Recess: School's Out
3468,2001,They Crawl
6111,2001,Waiting for Godot
3746,2001,The Inner Tour
6353,2001,Monkeybone
5099,2001,Blow Dry
6343,2001,'The Trouble with Harry' Isn't Over
3052,2001,Firetrap
3838,2001,His Secret Life
5895,2001,Yosemite: The World's Most Spectacular Valley
5323,2001,The Life and Adventures of Nicholas Nickleby
4695,2001,La Ciénaga
3378,2001,Bridget Jones's Diary
5539,2001,The Devil's Backbone
3650,2001,The Substitute: Failure Is Not an Option
3512,2001,"Dr. Quinn, Medicine Woman: The Heart Within"
5841,2001,Chasing Sleep
6393,2001,Battle Queen 2020
4923,2001,R.O.D - Read or Die
6347,2001,Teorema de Pitágoras
5847,2001,Horse Crazy
6097,2001,China: The Panda Adventure
4587,2001,We Know Where You Live. Live!
5755,2001,Dr. Dolittle 2
3132,2001,Moby: Play - The DVD
3134,2001,Moby - Play The Dvd - Live
6599,2001,The Saddle Club
3800,2001,Beneath Loch Ness
6545,2001,Manitou's Shoe
4305,2001,When Dinosaurs Roamed America
4000,2001,High Heels and Low Lifes
6215,2001,Hysteria: The Def Leppard Story
2250,2001,Journey to the Flames: 10 Years of Burning Man
5041,2001,Dil Chahta Hai
3834,2001,Rush Hour 2
2632,2001,The Curse of the Jade Scorpion
4591,2001,Soul Assassin
3902,2001,Monsoon Wedding
4513,2001,He Died with a Felafel in His Hand
6483,2001,Megiddo: The Omega Code 2
2936,2001,Mostly Martha
4221,2001,Who Is Cletis Tout?
6271,2001,American Adobo
5341,2001,Training Day
5393,2001,MVP 2: Most Vertical Primate
3184,2001,Onmyoji: The Yin Yang Master
4889,2001,Gojoe: Spirit War Chronicle
6311,2001,Hand Maid May: Product Recall
4495,2001,Edges of the Lord
5881,2001,Guns & Talks
2536,2001,Rudolph the Red-Nosed Reindeer & the Island of Misfit Toys
6529,2001,Life as a House
6213,2001,Pistol Opera
4443,2001,Domestic Disturbance
6283,2001,Warm Water Under a Red Bridge
4707,2001,Shania Twain - The Platinum Collection
6203,2001,Dark Asylum
5357,2001,Virtual Girl 2: Virtual Vegas
5465,2001,Electric Light Orchestra - Zoom Tour Live
2582,2001,Justice League: Secret Origins
5519,2001,Björk: Shepherd's Bush Empire 1997
3810,2001,Princess Mononoke in the U.S.A.
2222,2001,8 Man After
3176,2001,Ruby's Bucket of Blood
3194,2001,Impostor
5789,2001,Inch'Allah dimanche
6329,2001,Jane Doe
5549,2001,A Beautiful Mind
3580,2001,This Is Law: Out of Justice
4004,2001,Jimmy Neutron: Boy Genius
4285,2001,Running Out of Time 2
4261,2001,@In the Mood for Love
4899,2023,Fear of a Punk Planet
4953,2002,Sex and the Teenage Mind
5261,2002,Honto ni Atta! Noroi no Video: Ringu-hen
4134,2002,My Mother Likes Women
5105,2002,Only the Strong Survive
6543,2002,Manito
5293,2002,Hysterical Blindness
6019,2002,Liberty Stands Still
5673,2002,Repli-Kate
3736,2002,Diagnosis Murder: Town Without Pity
5883,2002,Voices of a Distant Star
3742,2002,Rabbit-Proof Fence
3272,2002,The Hunchback of Notre Dame II
4082,2002,What's Up with Cinta?
5787,2002,Blind Spot: Hitler's Secretary
5573,2002,A Little Inside
4733,2002,Sports Illustrated Swimsuit Edition: 2002
5697,2002,Sex with Strangers
4905,2002,Journeys with George
5197,2002,Baby Einstein: Baby Mozart
4623,2002,Marlene Dietrich: Her Own Song
5677,2002,Ali G Indahouse
4175,2002,Jim Brown: All-American
3250,2002,Road Dogz
4241,2002,He Loves Me… He Loves Me Not
3140,2002,Death to Smoochy
6315,2002,National Lampoon's Van Wilder
3396,2023,Godsmack - Smack This
4869,2023,Angelina Ballerina: Friends Forever
6229,2002,Bend It Like Beckham
4269,2002,B.T.S. (Better Than Sex)
2988,2002,Cube 2: Hypercube
4959,2002,Aap Mujhe Achche Lagne Lage
5097,2002,Jim Breuer: Hardcore
5709,2002,The Real Eve
2228,2023,Mannheim Steamroller: Fresh Aire 8
3518,2002,Life or Something Like It
4585,2002,Dracula Vs Frankenstein
5503,2002,Exorcist 2: Human Exorcism
4183,2002,Buying the Cow
5965,2002,Yes: Symphonic Live
2400,2002,Lilo & Stitch
2481,2002,Searching for Paradise
5985,2002,Play'd: A Hip Hop Story
2896,2002,The Powerpuff Girls Movie
3178,2002,Venus Boyz
4002,2002,Bloody Mallory
3264,2002,Stuart Little 2
6601,2002,Zhou Yu's Train
3728,2002,Beyblade the Movie: Fierce Battle
5655,2002,Jim Breuer: Heavy Metal Comedy
3884,2002,Avenging Angelo
6265,2002,Leaving Metropolis
4447,2002,Tyler Perry's I Can Do Bad All By Myself - The Play
6383,2002,Yes Nurse! No Nurse!
3680,2002,Igby Goes Down
3714,2002,Millennium Actress
5011,2002,Unprecedented: The 2000 Presidential Election
3376,2002,Crunch: Pick Your Spot Pilates
5717,2002,Frankenthumb
5793,2002,The Landfill King
3220,2002,Marooned in Iraq
5735,2002,David Gilmour: In Concert
6155,2002,Wallace & Gromit's Cracking Contraptions
3318,2002,Crazy As Hell
4433,2002,Sherlock: Case of Evil
4773,2002,Akira Kurosawa: It Is Wonderful to Create: 'Seven Samurai'
4881,2002,Comedian
3828,2002,Pyramid
4605,2002,Left Behind II: Tribulation Force
3595,2002,The Santa Clause 2
4199,2002,Elvira's Haunted Hills
3686,2002,Reign in Darkness
2590,2002,The Weather Underground
3060,2023,MTV Yoga
5927,2002,Paul McCartney: Back in the U.S.
6063,2002,Live from Baghdad
5321,2002,Nicholas Nickleby
3034,2003,Goddess of Mercy
3633,2003,In the Realm of the Senses: Recalling the Film
3738,2003,Just 4 Kicks
4363,2003,44 Minutes: The North Hollywood Shoot-Out
4741,2003,Crime Partners
5013,2023,Ben Harper and the Innocent Criminals: Live at the Hollywood Bowl
5101,2003,Bookies
5421,2003,Malibu Spring Break
6497,2023,Shaolin Ulysses: Kung Fu Monks in America
6313,2003,Hand Maid Mai
4481,2003,End of the Century: The Story of the Ramones
2984,2003,Plain Dirty
4803,2003,The Maldonado Miracle
3374,2003,The Hebrew Hammer
6139,2003,The Recruit
6487,2003,Muddy Waters: Can't Be Satisfied
6109,2003,Check the Gate:  Putting Beckett on Film
3546,2003,Spun
3654,2003,Blind Shaft
5943,2003,Bog Creatures
3950,2003,Sol Goode
4757,2003,My Dream Girl
2883,2003,Who Killed 'Winter Kills'?
6053,2003,Baby Einstein: Baby Neptune - Discovering Water
2644,2003,Carandiru
5967,2003,Homeless to Harvard: The Liz Murray Story
5751,2003,Ghosts of the Abyss
3008,2003,Dark Wolf
3744,2003,Following the Rabbit-Proof Fence
3152,2003,X2
6319,2023,Faith Hill - When The Lights Go Down
4969,2003,I Capture the Castle
6261,2003,Interstella 5555
4561,2023,"By Brakhage: An Anthology, Volume One"
2478,2003,Pitcher and the Pin-Up
3658,2003,Wings of Desire: The Angels Among Us
4126,2003,Hot Wheels: World Race
3454,2003,Deftones: Live in Hawaii
5977,2003,Martin Luther
3384,2003,Hard Ground
5019,2003,Shortcut to Happiness
2592,2003,The Bonesetter
4871,2003,"Dead Kennedys: In God We Trust, Inc.: The Lost Tapes"
6447,2003,American Wedding
5115,2003,Sesame Street: Sesame Sings Karaoke
3364,2003,Lennon Legend: The Very Best of John Lennon
3856,2003,Broadway's Lost Treasures
5215,2003,Uptown Girls
5435,2003,Freddy vs. Jason
6281,2003,Red Water
5949,2003,Apollo 11: Men on the Moon
4407,2003,Code 11-14
3062,2023,MTV Power Yoga
4405,2003,11:14
3354,2003,Saturday Night Live: The Best of Chris Kattan
3326,2003,Enigma: MCMXC a.D.
4775,2003,Elvis Costello: North
4012,2003,Tom Petty and the Heartbreakers: Live at the Olympic (The Last DJ)
3566,2003,9 Dead Gay Guys
5361,2003,Secondhand Lions
4018,2023,Dunsmore
3200,2003,Triumph: Live at the US Festival
3912,2003,Sting: Inside - The Songs of Sacred Love
3182,2003,Onmyoji: The Yin Yang Master II
4677,2003,Gang of Roses
5483,2003,Being Ron Jeremy
4167,2003,The Simpsons: Christmas
4743,2003,Rush - Rush in Rio
4879,2023,String Cheese Incident - Live at the Fillmore
3216,2003,Peter Gabriel: Growing Up Live
3796,2003,The Matrix Revolutions
6157,2003,Seabiscuit: The Lost Documentary
4667,2003,Tupac: Resurrection
3866,2003,Mitch Hedberg: Mitch All Together
4145,2003,Rescue Heroes: The Movie
2468,2003,Daydream Obsession
4193,2003,John Mayall & The Bluesbreakers And Friends: 70th Birthday Concert
2425,2003,Something's Gotta Give
6269,2003,Infernal Affairs III
2757,2003,WWE Armageddon 2003
3528,2003,House of Sand and Fog
5073,2023,The Making of the Dallas Cowboys Cheerleaders: 2004 Swimsuit Calendar
5983,2003,Emmanuelle in Rio
2156,2023,Ray Stevens - Funniest Video Characters
3136,2023,Billy Blanks' Tae Bo Cardio Circuit 1
5387,2004,Pink Floyd: Inside Pink Floyd: A Critical Review 1975-1996
5541,2004,Que es un Fantasma?: The Making of 'The Devil's Backbone'
5913,2004,Stellaluna
6233,2004,Voices of Iraq
3488,2004,Tremors 4: The Legend Begins
3154,2004,Chasing Freedom
6561,2004,Tae Guk Gi: The Brotherhood of War
4821,2004,Bride & Prejudice
3462,2004,Wild Things 2
2694,2004,Sex and the Beauties
6365,2004,Hustle and Heat
5663,2004,The Carol Burnett Show: Let's Bump Up the Lights
4753,2004,Starsky & Hutch
3234,2004,Winnie the Pooh: Springtime with Roo
2958,2004,Spartan
5737,2004,Mojados: Through The Night
3094,2004,The Chorus
5151,2004,The Eye 2
3158,2004,Taking Lives
2394,2004,Never Die Alone
3436,2004,Ju-rei: The Uncanny
6419,2004,Call Me: The Rise and Fall of Heidi Fleiss
2398,2004,Sesame Street: Elmo's World: The Street We Live On!
3768,2004,Kill Bill: Vol. 2
3186,2004,The Agronomist
2986,2004,Beyoncé: Live at Wembley
5303,2004,Bright Leaves
4465,2004,Mean Girls
4997,2004,Main Hoon Na
4187,2004,Dear Frankie
5623,2004,Modigliani
2944,2004,Notre musique
3142,2004,Dead Birds
4329,2004,Japan: Memoirs of a Secret Empire
3358,2004,Harold & Kumar Go to White Castle
5869,2004,Harry Potter and the Prisoner of Azkaban
6445,2004,Disney Princess Stories Volume One: A Gift from the Heart
2797,2004,Grinding Machine
4315,2004,The 10th District Court: Moments of Trial
6189,2004,Fangoria: Blood Drive
4715,2004,Stoked: The Rise and Fall of Gator
5245,2004,Spider-Man vs. Doc Ock
4451,2004,The Librarian: Quest for the Spear
5067,2004,The Door in the Floor
5325,2004,Irish Eyes
6605,2004,Pokémon: Destiny Deoxys
6589,2004,American Dictators: Staging of the 2004 Presidential Election
6267,2023,King Arthur: The Truth Behind the Legend
3770,2004,The Making of 'Kill Bill Vol. 2'
4295,2004,Baby Einstein: Baby Da Vinci - From Head to Toe
5441,2004,Kyun...! Ho Gaya Na
2314,2004,Fighter in the Wind
6489,2004,Phir Milenge
5405,2004,Uncovered: The War on Iraq
6571,2004,Superbabies: Baby Geniuses 2
3208,2004,The Cookout
4945,2004,Dave Chappelle: For What It's Worth
4237,2004,Saturday Night Live: The Best of Will Ferrell - Volume 2
5489,2004,I Do (But I Don't)
2954,2004,Stevie Ray Vaughan and Double Trouble: Live at Montreux 1982 & 1985
6509,2004,Moog
3582,2004,Buried in the Sand: The Deception of America
3128,2004,The Last Shot
6201,2004,Popeye's Voyage: The Quest for Pappy
4381,2004,Woman Thou Art Loosed
6025,2004,Profile of a Serial Killer
6231,2004,Really Bend It Like Beckham
3180,2004,Unconstitutional: The War On Our Civil Liberties
4525,2004,Care Bears: Journey to Joke-a-Lot
5025,2004,Tom and Jerry: Paws for a Holiday
6273,2004,Dream Theater: Live at Budokan
2354,2004,Screamers ‎– Live In San Francisco: Sept 2nd 1978
5707,2004,Impact
3408,2004,Ed Wood: Making Bela
4917,2004,The Backyardigans: It's Great to Be a Ghost!
3858,2004,Broadway's Lost Treasures II
2926,2004,They Came Back
5863,2004,John Mayall & The Bluesbreakers - Jammin' with the Blues Greats
5403,2004,Uncovered: The Whole Truth About The Iraq War
3074,2004,A Killer Within
5083,2004,Dark Town
4102,2004,Jimmy Neutron: Attack of the Twonkies
6235,2004,Last Letters Home
2180,2004,WWE: The Rise + Fall of ECW
4705,2004,Love's Enduring Promise
2472,2004,Daydream Obsession 2: Infidelities
2603,2004,Pretty Guardian Sailor Moon Special Act: We're Getting Married!！
4703,2004,Enduring Love
6055,2004,Ben Franklin
3798,2004,The Matrix Revolutions Revisited
5449,2004,The Phantom of the Opera
5433,2004,Artie Lange: It's the Whiskey Talkin'
3270,2004,Westender
6555,2023,J.R.R. Tolkien and the Birth Of The Lord of the Rings And The Hobbit
2838,2023,Heritage Minutes: Dextraze in the Congo
3420,2023,Futurama : Monster Robot Maniac Fun Collection
4765,2005,H.G. Wells and the War of the Worlds: A Documentary
5359,2023,NBA Street Series: Ankle Breakers: Vol. 2
3786,2005,"Classic Cartoon Favorites, Vol. 2 - Starring Donald"
6087,2005,Cléo from 5 to 7: Remembrances and Anecdotes
5273,2005,Coach Carter
2402,2005,Lilo & Stitch 2: Stitch Has a Glitch
4010,2005,The Hunters and the Hunted: The Making of 'Predator 2'
5295,2005,Back By Midnight
6451,2005,Chupacabra Terror
2922,2005,WWE Royal Rumble 2005
3880,2005,Nature Unleashed: Volcano
4090,2005,Seoul Raiders
4473,2005,Pooh's Heffalump Movie
3472,2005,The Pacifier
5855,2005,Baby Einstein: Baby Monet - Discovering the Seasons
4557,2005,Confessions of a Sociopathic Social Climber
5695,2023,Billy Blanks' Tae Bo: Fat Blasting Cardio
4615,2005,The Saddle Club: Horse Crazy
3932,2005,The Hitchhiker's Guide to the Galaxy
4749,2005,Elvis by the Presleys
5741,2005,Flower & Snake II
6237,2005,The Stink of Flesh
3418,2005,Saturday Night Live: The Best of Jon Lovitz
3840,2005,Cyber Seduction: His Secret Life
3054,2005,Sleepover Nightmare
3900,2005,Avia: Vampire Hunter
5275,2005,Coach Carter The Man Behind the Movie
2594,2005,The Bonesetter Returns
2360,2005,7 Seconds
2132,2005,Bikini Girls on Dinosaur Planet
5617,2005,Douglas Fairbanks: The Great Swashbuckler
3352,2023,Luther Vandross: Always And Forever - An Evening Of Songs
5123,2005,My Scene Goes Hollywood: The Movie
6153,2005,Wallace & Gromit: The Curse of the Were-Rabbit
3934,2005,Don't Crash: The Documentary of the Making of the Movie of the Book of the Radio Series of 'The Hitchhiker's Guide to the Galaxy'
3362,2005,Saturday Night Live: The Best of Gilda Radner
4475,2005,Pooh's Heffalump Halloween Movie
5609,2005,Bratz: Rock Angelz
3696,2005,George Lopez: Why You Crying?
2812,2005,Congo River
6569,2005,Wait 'Til You're Older
6191,2005,Fangoria: Blood Drive II
5759,2005,Martha Stewart Holidays: Homemade Holidays
2316,2005,Sky Fighters
4635,2005,Predator Island
6165,2005,Street Fighter Alpha: Generations
5533,2005,The Sandlot 2
5659,2005,The Horror Within
3218,2005,"Peter Gabriel: Still Growing Up, Live & Unwrapped"
4711,2005,The Separation
5517,2023,La tradition de la bûche de Noël
2800,2006,The Organ Grinde
6469,2023,In The City
1589,2006,Hostel
1584,2006,Underworld: Evolution
1569,2006,Big Momma's House 2
1603,2006,Bambi II
1598,2006,Imagine Me & You
1615,2006,Annapolis
1606,2006,When a Stranger Calls
1563,2006,Final Destination 3
1625,2006,The Pink Panther
1549,2006,The Prince & Me 2: The Royal Wedding
1571,2006,V for Vendetta
1562,2006,The Hills Have Eyes
1592,2006,Barbie: Fairytopia - Mermaidia
2208,2006,Love Sick
1600,2006,Inside Man
1605,2006,She's the Man
3268,2006,Classic Albums: Queen - The Making of A Night At The Opera
1554,2006,Ice Age: The Meltdown
1593,2006,Basic Instinct 2
1604,2006,Slither
1597,2006,The Wild
1595,2006,Undisputed II: Last Man Standing
1547,2006,Scary Movie 4
1577,2006,Silent Hill
1552,2006,Mission: Impossible III
1614,2006,RV
1585,2006,Survival Island
1596,2006,Poseidon
1581,2006,Over the Hedge
1586,2006,The Da Vinci Code
2807,2006,Congorama
1556,2006,Cars
1588,2006,Garfield: A Tail of Two Kitties
1574,2006,Nacho Libre
2948,2006,The Little Cars in the Great Race
1576,2006,Click
1613,2006,Leroy & Stitch
1599,2006,Superman Returns
1557,2006,The Devil Wears Prada
1553,2006,Monster House
1548,2006,Pirates of the Caribbean: Dead Man's Chest
6603,2006,Pokémon Ranger and the Temple of the Sea
1583,2006,The Host
1610,2006,Miami Vice
1623,2006,Dragon Tiger Gate
1611,2006,Barnyard
1617,2006,Talladega Nights: The Ballad of Ricky Bobby
1607,2006,Naruto the Movie: Guardians of the Crescent Moon Kingdom
1602,2006,Step Up
5613,2006,Dementia: An Experiment in Terror
1575,2006,Brother Bear 2
1619,2006,Snakes on a Plane
1601,2006,The Illusionist
1616,2006,Accepted
1550,2006,Little Man
1565,2006,Crank
1579,2006,Idiocracy
1621,2006,DOA: Dead or Alive
1561,2006,Perfume: The Story of a Murderer
1578,2006,Barbie in The 12 Dancing Princesses
1590,2006,Children of Men
1594,2006,Open Season
1608,2006,The Guardian
1622,2006,Robin-B-Hood
1618,2006,Facing the Giants
1612,2006,Paprika
1551,2006,The Departed
1566,2006,The Texas Chainsaw Massacre: The Beginning
1560,2006,Pan's Labyrinth
2616,2006,Jade Warrior
6043,2006,Clones at Greaser's Palace
1559,2006,The Prestige
1568,2006,Flushed Away
1546,2006,Saw III
1620,2006,Babel
2437,2006,Lady Chatterley
3978,2006,The Santa Clause 3: The Escape Clause
1582,2006,The Fox and the Hound 2
1564,2006,Casino Royale
3560,2006,Crusade in Jeans
1570,2006,Happy Feet
4395,2006,Fast Food Nation
1567,2006,Deck the Halls
1591,2006,Déjà Vu
6317,2006,Van Wilder 2: The Rise of Taj
1555,2006,Apocalypto
1587,2006,Blood Diamond
1624,2006,Arthur and the Invisibles
1580,2006,The Pursuit of Happyness
1609,2006,Eragon
1572,2006,Rocky Balboa
1573,2006,Night at the Museum
1558,2006,American Pie Presents: The Naked Mile
4391,2007,All About 'Abigail's Party'
1538,2007,Freedom Writers
1480,2007,Ghost Rider
5537,2007,"Plate o' Shrimp: Punk Rock, Sci-Fi and the Making of Repo Man"
1500,2007,Cinderella III: A Twist in Time
6017,2007,Meatball Machine: Reject of Death
1494,2007,Norbit
1515,2007,Hot Fuzz
1505,2007,Bridge to Terabithia
1498,2007,Zodiac
1517,2007,Wild Hogs
1534,2007,5 Centimeters per Second
1519,2007,The Dukes of Hazzard: The Beginning
1483,2007,300
1525,2007,The Ultimate Gift
1474,2007,Dead Silence
1476,2007,Superbad
1479,2007,Shooter
1499,2007,The Hills Have Eyes 2
1529,2007,Mr. Bean's Holiday
1473,2007,Meet the Robinsons
1502,2007,TMNT
6403,2007,The Duchess of Langeais
1526,2007,Planet Terror
2784,2007,Grindhouse
4369,2007,Detective Conan: Jolly Roger in the Deep Azure
1497,2007,Next
1523,2007,28 Weeks Later
1513,2007,The Poughkeepsie Tapes
1470,2007,Spider-Man 3
2866,2007,The Killing Floor
1520,2007,Stomp the Yard
1472,2007,Shrek the Third
2202,2007,Sicko
1469,2007,Pirates of the Caribbean: At World's End
1508,2007,The Orphanage
1545,2007,Death Proof
1533,2007,Ocean's Thirteen
5031,2007,Hwang Jin Yi
1537,2007,Hostel: Part II
1535,2007,Surf's Up
1514,2007,Evan Almighty
1492,2007,The Man from Earth
1482,2007,No Country for Old Men
1491,2007,Fantastic Four: Rise of the Silver Surfer
1495,2007,Live Free or Die Hard
1506,2007,1408
1468,2007,Ratatouille
6209,2023,NBA: Soul of the game
1467,2007,Harry Potter and the Order of the Phoenix
1510,2007,I Now Pronounce You Chuck & Larry
2212,2007,Sick Nurses
1475,2007,The Simpsons Movie
1528,2007,Shoot 'Em Up
1512,2007,The Bourne Ultimatum
1478,2007,Naruto Shippuden the Movie
1484,2007,Rush Hour 3
1541,2007,Ben 10: Secret of the Omnitrix
1493,2007,War
1471,2007,Wrong Turn 2: Dead End
1536,2007,Evangelion: 1.0 You Are (Not) Alone
1543,2007,3:10 to Yuma
1521,2007,Atonement
1532,2007,Into the Wild
1516,2007,Paranormal Activity
1530,2007,Barbie as the Island Princess
1542,2007,After Sex
1544,2007,The Game Plan
4855,2007,Sense and Sensibility Jonathan Lee
1504,2007,30 Days of Night
1466,2007,Saw IV
1507,2007,Bee Movie
1501,2007,The Legend of the Nahuala
4341,2007,Masked Mobsters
1496,2007,American Gangster
5269,2007,Camilla Läckberg: The Ice Princess
1527,2007,Big Stan
4883,2007,Jimmy Carr: Comedian
1503,2007,Enchanted
1489,2007,The Mist
1511,2007,Hitman
1518,2007,[REC]
1509,2007,Shrek the Halls
1531,2007,In the Name of the King: A Dungeon Siege Tale
1522,2007,The Golden Compass
1485,2007,Trick 'r Treat
1477,2007,I Am Legend
1487,2007,Alvin and the Chipmunks
1488,2007,National Treasure: Book of Secrets
1524,2007,Virgin Territory
1539,2007,Sweeney Todd: The Demon Barber of Fleet Street
1481,2007,Aliens vs Predator: Requiem
1486,2007,American Pie Presents: Beta House
1540,2007,There Will Be Blood
4419,2008,Hillary: The Movie
1435,2008,27 Dresses
1396,2008,Cloverfield
1376,2008,Rambo
1428,2008,Meet the Spartans
1425,2008,CJ7
1446,2008,Drillbit Taylor
1451,2008,Fool's Gold
1437,2008,Ben 10: Race Against Time
1392,2008,Jumper
1402,2008,The Spiderwick Chronicles
1408,2008,Step Up 2: The Streets
1372,2008,Taken
2572,2008,Justice League: The New Frontier
1440,2008,The Bank Job
1457,2008,The Other Boleyn Girl
1404,2008,Horton Hears a Who!
1395,2008,Never Back Down
1436,2008,"10,000 BC"
1443,2008,Funny Games
1458,2008,Doomsday
1461,2008,21
1411,2008,Superhero Movie
3288,2008,Marat Sade at the Vilardebó
1439,2008,The Ruins
1429,2008,The Forbidden Kingdom
1414,2008,Outlander
1448,2008,Harold & Kumar Escape from Guantanamo Bay
1369,2008,Iron Man
1434,2008,A Tale of Legendary Libido
4165,2008,Kuruvi
1371,2008,The Boy in the Striped Pyjamas
1415,2008,The Babysitters
1399,2008,Sex and the City
1380,2008,The Chronicles of Narnia: Prince Caspian
1379,2008,Indiana Jones and the Kingdom of the Crystal Skull
1441,2008,The Strangers
1406,2008,I Can't Think Straight
1370,2008,Kung Fu Panda
1381,2008,You Don't Mess with the Zohan
5005,2008,Oppai Chanbara: Striptease Samurai Squad
1390,2008,The Happening
1375,2008,The Incredible Hulk
1403,2008,Wanted
1459,2008,Get Smart
1374,2008,WALL·E
1384,2008,The Mummy: Tomb of the Dragon Emperor
1400,2008,Hancock
1416,2008,Mamma Mia!
5807,2023,10 Minute Solution: Prenatal Pilates
1419,2008,Batman: Gotham Knight
3652,2023,The Shaft
1405,2008,Hellboy II: The Golden Army
1367,2008,The Dark Knight
1382,2008,Ponyo
1444,2008,The Scorpion King 2: Rise of a Warrior
1460,2008,Starship Troopers 3: Marauder
1432,2008,Anaconda 3: Offspring
1409,2008,Naruto Shippuden the Movie: Bonds
1421,2008,Star Wars: The Clone Wars
1462,2008,Pineapple Express
1452,2008,The Midnight Meat Train
1383,2008,Tropic Thunder
1387,2008,Wild Child
1431,2008,Mirrors
1450,2008,Vicky Cristina Barcelona
1389,2008,Death Race
2396,2008,I'll Never Die Alone
1401,2008,Martyrs
1423,2008,Barbie and the Diamond Castle
1455,2008,Kick the Cock
6401,2008,The Duchess
5809,2023,10 Minute Solution: Pilates Perfect Body
1391,2008,Tinker Bell
1422,2008,Eden Lake
1438,2008,Another Cinderella Story
1386,2008,Zack and Miri Make a Porno
1394,2008,Dragon Ball: Yo! Son Goku and His Friends Return!!
1453,2008,Open Season 2
1393,2008,Fireproof
1410,2008,Beverly Hills Chihuahua
1463,2008,Body of Lies
1413,2008,The Hurt Locker
1433,2008,High School Musical 3: Senior Year
1445,2008,Max Payne
1412,2008,Sex Drive
1427,2008,Diary of a Nymphomaniac
1366,2008,Saw V
1407,2008,Changeling
1397,2008,Quantum of Solace
1377,2008,Madagascar: Escape 2 Africa
1426,2008,Barbie in A Christmas Carol
1465,2008,Kung Fu Panda: Secrets of the Furious Five
1430,2008,Slumdog Millionaire
1368,2008,Twilight
1373,2008,Bolt
1388,2008,Transporter 3
1417,2008,Ong Bak 2
1424,2008,Yes Man
2470,2008,Daydream Obsession 3: Legacy
1398,2008,The Day the Earth Stood Still
1418,2008,The Reader
1454,2008,Inkheart
1447,2008,Gran Torino
1442,2008,Bleach the Movie: Fade to Black
1449,2008,Seven Pounds
4147,2008,Tomica Hero: Rescue Force Explosive Movie: Rescue the Mach Train!
1378,2008,The Curious Case of Benjamin Button
1456,2008,Valkyrie
1464,2008,Marley & Me
1385,2008,Defiance
2743,2009,Outside the Law: Stories from Guantánamo
2392,2009,Bloodlust: My Bloody Valentine and the Rise of the Slasher Film
2862,2009,The Killing Room
1353,2009,Underworld: Rise of the Lycans
2362,2009,너에게 가는 7초간의 여행
1304,2009,Coraline
1359,2009,Confessions of a Shopaholic
1340,2009,He's Just Not That Into You
1342,2009,Blood and Bone
1319,2009,Friday the 13th
2328,2009,Street Fighter IV: The Ties That Bind
2348,2009,Screamers: The Hunting
1334,2009,Watchmen
1360,2009,17 Again
1335,2009,Drag Me to Hell
2778,2009,Meat Grinder
1355,2009,Monsters vs Aliens
1362,2009,Knowing
5997,2009,Kurt Turns Evil
1336,2009,The Temptation of Kimono
1350,2009,Crank: High Voltage
1361,2009,Into the Blue 2: The Reef
1324,2009,Star Trek
1358,2009,Angels & Demons
1323,2009,Terminator Salvation
1345,2009,Night at the Museum: Battle of the Smithsonian
1308,2009,Up
1326,2009,The Proposal
1312,2009,The Hangover
1332,2009,Hachi: A Dog's Tale
1357,2009,Moon
1317,2009,Ice Age: Dawn of the Dinosaurs
1306,2009,Harry Potter and the Half-Blood Prince
1341,2009,(500) Days of Summer
1365,2009,Tidal Wave
1327,2009,Orphan
1356,2009,Naruto Shippuden the Movie: The Will of Fire
1313,2009,G.I. Joe: The Rise of Cobra
1364,2009,District 9
4084,2009,What's Up: Balloon to the Rescue!
1316,2009,Inglourious Basterds
1329,2009,9
1331,2009,The Final Destination
1343,2009,Halloween II
1352,2009,Tinker Bell and the Lost Treasure
4445,2009,I Can Do Bad All By Myself
1311,2009,Scooby-Doo! The Mystery Begins
1328,2009,Cloudy with a Chance of Meatballs
1320,2009,Jennifer's Body
1349,2009,Ninja Assassin
1344,2009,Splice
1325,2009,Zombieland
1322,2009,2012
1354,2009,The Descent: Part 2
1314,2009,Law Abiding Citizen
1310,2009,Wrong Turn 3: Left for Dead
1305,2009,Saw VI
1346,2009,Fantastic Mr. Fox
1315,2009,The Human Centipede (First Sequence)
3242,2009,North by Northwest: One for the Ages
1338,2009,A Christmas Carol
1363,2009,After.Life
5343,2009,A Day of Training
1318,2009,The Twilight Saga: New Moon
6391,2009,Devil's Rain
1337,2009,The Blind Side
1321,2009,Brothers
2548,2009,"Pietro Germi - The Good, The Beautiful and The Bad"
1309,2009,The Princess and the Frog
1307,2009,Avatar
1339,2009,Alvin and the Chipmunks: The Squeakquel
1347,2009,American Pie Presents: The Book of Love
1348,2009,3 Idiots
1351,2009,The Lovely Bones
2875,2010,The Killing Strain
1284,2010,The Book of Eli
1255,2010,Legion
1285,2010,Yu-Gi-Oh!: Bonds Beyond Time
1282,2010,Barbie in A Mermaid Tale
3778,2010,Jean-Michel Basquiat: The Radiant Child
1245,2010,Meteor Storm
1241,2010,Percy Jackson & the Olympians: The Lightning Thief
5185,2010,Coral Sea Dreaming: Awaken
1270,2010,The Wolfman
1235,2010,Shutter Island
2864,2010,The Killing Jar
2574,2010,Justice League: Crisis on Two Earths
1291,2010,The Crazies
1233,2010,Alice in Wonderland
2350,2010,The Screamers
1278,2010,She's Out of My League
1288,2010,Remember Me
1240,2010,How to Train Your Dragon
1260,2010,Diary of a Wimpy Kid
1261,2010,Kick-Ass
1275,2010,Clash of the Titans
1299,2010,Nanny McPhee and the Big Bang
1276,2010,The Extraordinary Adventures of Adèle Blanc-Sec
1290,2010,The Losers
1228,2010,Iron Man 2
1249,2010,A Nightmare on Elm Street
1231,2010,Room in Rome
1266,2010,Robin Hood
1303,2010,Letters to Juliet
1227,2010,Shrek Forever After
1283,2010,Prince of Persia: The Sands of Time
1248,2010,Undisputed III: Redemption
4563,2023,"By Brakhage: An Anthology, Volume Two"
1297,2010,Sex and the City 2
1268,2010,The A-Team
1259,2010,The Karate Kid
1293,2010,Knight and Day
1234,2010,Toy Story 3
1269,2010,A Serbian Film
1243,2010,I Spit on Your Grave
1250,2010,Jonah Hex
1236,2010,The Twilight Saga: Eclipse
1232,2010,Grown Ups
1292,2010,The Last Airbender
1242,2010,Predators
2811,2010,The Congolese Rainforests: Living on Borrowed Time
1239,2010,Despicable Me
1279,2010,Legend of the Guardians: The Owls of Ga'Hoole
1265,2010,The Sorcerer's Apprentice
1230,2010,Inception
1271,2010,The Secret World of Arrietty
1263,2010,Salt
1280,2010,Tinker Bell and the Great Fairy Rescue
1281,2010,Naruto Shippuden the Movie: The Lost Tower
1229,2010,The Expendables
1237,2010,Flipped
1257,2010,Scott Pilgrim vs. the World
1296,2010,I Saw the Devil
1300,2010,Eat Pray Love
2630,2010,The Jade and the Pearl
1252,2010,Piranha 3D
1294,2010,Chinese Grandma
1256,2010,The Last Exorcism
1274,2010,Flower & Snake 3
2711,2010,The Libertines: Live at Reading 2010
1258,2010,El Infierno
2782,2010,Agenda: Grinding America Down
1273,2010,Barbie: A Fashion Fairytale
1251,2010,The Town
1253,2010,The Social Network
3718,2010,Les Misérables - 25th Anniversary in Concert
1289,2010,30 Days of Night: Dark Days
6449,2023,Tony & Janina's American Wedding
1262,2010,RED
1267,2010,Scooby-Doo! Curse of the Lake Monster
1287,2010,Paranormal Activity 2
1224,2010,Saw 3D
1247,2010,Megamind
1302,2010,Don't Be Afraid of the Dark
1277,2010,Skyline
1298,2010,Dragon Ball Z: Plan to Eradicate the Super Saiyans
1272,2010,Death Race 2
1226,2010,Harry Potter and the Deathly Hallows: Part 1
1264,2010,Love & Other Drugs
1301,2010,Faster
1225,2010,Tangled
1244,2010,The Chronicles of Narnia: The Voyage of the Dawn Treader
1238,2010,Three Steps Above Heaven
1246,2010,Black Swan
1254,2010,TRON: Legacy
1295,2010,Little Fockers
1286,2010,True Grit
1207,2011,The Green Hornet
1175,2011,The Mechanic
5107,2023,ROH: Only The Strong Survive
1151,2011,No Strings Attached
1183,2011,Mean Girls 2
1198,2011,The Rite
1142,2011,Just Go with It
1163,2011,Paul
2457,2011,Lady Chatterley's Ghost
1154,2011,"Big Mommas: Like Father, Like Son"
1217,2011,Unknown
1197,2011,I Am Number Four
1196,2011,Drive Angry
1145,2011,Rango
1195,2011,One Day
1200,2011,Rain Town
5849,2011,The Moon Child
1209,2011,The Adjustment Bureau
1174,2011,Limitless
1186,2011,Battle: Los Angeles
1210,2011,The Lincoln Lawyer
1189,2011,Sucker Punch
1220,2011,Kill Bill: The Whole Bloody Affair
1187,2011,Source Code
1135,2011,Insidious
1139,2011,Rio
1131,2011,Scream 4
1182,2011,3-D Sex and Zen: Extreme Ecstasy
1133,2023,Thor
1180,2011,Detachment
1156,2011,Priest
1127,2011,Pirates of the Caribbean: On Stranger Tides
1205,2011,Bad Teacher
1138,2023,Kung Fu Panda 2
1143,2011,The Hangover Part II
1214,2011,Sleeping Beauty
1132,2011,Cars 2
1191,2011,Green Lantern
1152,2011,Hawaiian Vacation
4767,2011,The Crown Jewels
1218,2011,Zookeeper
1208,2011,Horrible Bosses
1129,2011,Harry Potter and the Deathly Hallows: Part 2
4553,2011,The Enduring Significance of 'Boyz n the Hood'
5161,2011,House of the Rising Sun
1170,2011,Friends with Benefits
1153,2011,Captain America: The First Avenger
1155,2011,Colombiana
1149,2011,With Every Heartbeat
1158,2011,"Crazy, Stupid, Love."
1167,2011,The Smurfs
1222,2011,Cowboys & Aliens
1161,2011,Naruto Shippuden the Movie: Blood Prison
1146,2011,Rise of the Planet of the Apes
1206,2011,The Change-Up
1137,2011,The Help
1179,2011,Terrifier
1165,2011,Barbie: Princess Charm School
1148,2011,Final Destination 5
1169,2011,Conan the Barbarian
1201,2011,Spy Kids: All the Time in the World
6305,2011,Paranoia Agent - Interview Files
4195,2011,John Mayall - Live in London
3210,2011,The Cookout 2
1185,2011,A Cinderella Story: Once Upon a Song
1177,2011,Contagion
1171,2011,Warrior
1188,2011,Never Back Down 2: The Beatdown
1150,2011,Drive
1193,2011,Johnny English Reborn
1203,2011,"Madrid, 1987"
1192,2011,Machine Gun Preacher
1136,2011,Real Steel
1199,2011,Courageous
1134,2011,The Human Centipede 2 (Full Sequence)
1147,2011,Desire
1172,2011,The 33D Invader
1168,2011,The Thing
1130,2011,Wrong Turn 4: Bloody Beginnings
1160,2011,Pirates of the Caribbean: Tales of the Code: Wedlocked
1164,2011,The Legend of La Llorona
1202,2011,The Adventures of Tintin
1144,2011,In Time
1157,2011,Puss in Boots
5157,2011,Silver Bullets
1126,2011,The Intouchables
1211,2011,Special Forces
1219,2011,Immortals
1221,2011,Arthur Christmas
1178,2011,Jack and Jill
2713,2011,The Libertines - There Are No Innocent Bystanders
1128,2011,The Twilight Saga: Breaking Dawn - Part 1
1184,2011,Happy Feet Two
1159,2011,Sherlock Holmes: A Game of Shadows
1176,2011,Hugo
1181,2011,The Muppets
1213,2011,Ice Age: A Mammoth Christmas
1194,2011,The Raid
1140,2011,Hotel Desire
1141,2011,Mission: Impossible - Ghost Protocol
1212,2011,We Bought a Zoo
5177,2011,New Year's Eve
1166,2011,Ghost Rider: Spirit of Vengeance
1162,2011,Alvin and the Chipmunks: Chipwrecked
1215,2011,Dragon Ball: Episode of Bardock
1223,2011,Hostel: Part III
1173,2011,Pixie Hollow Games
1190,2011,War Horse
3348,2012,Battle at Shiloh: The Devil's Own Two Days
1086,2012,Tangled Ever After
1077,2012,Journey 2: The Mysterious Island
1098,2012,Underworld: Awakening
1110,2012,Chronicle
1085,2012,Celebrity Sex Tape
1066,2012,Berserk: The Golden Age Arc I - The Egg of the King
1124,2012,The Vow
1114,2012,Puss in Boots: The Three Diablos
4679,2012,Gang of Roses 2: Next Generation
1112,2012,Monster High: Why Do Ghouls Fall in Love?
2564,2012,Justice League: Doom
1046,2012,The Lorax
1058,2012,Project X
2618,2012,The Secret of the Jade Medallion
1091,2012,John Carter
1088,2012,The Hunger Games
1108,2012,21 Jump Street
4829,2012,Joyful Reunion
1097,2012,Wrath of the Titans
1062,2012,Sinister
1048,2012,Iron Sky
1083,2012,American Reunion
1067,2012,Battleship
1069,2012,The Cabin in the Woods
1109,2012,The Three Stooges
4383,2012,Woman Thou Art Loosed: On the 7th Day
1095,2012,Safe
1123,2012,The Lucky One
5907,2023,Rock and roll por la libre
1059,2012,Sexual Chronicles of a French Family
1104,2012,Dark Shadows
1111,2012,Piranha 3DD
1093,2012,The Dictator
1092,2012,After Porn Ends
1084,2023,Men in Black 3
1049,2012,Prometheus
1106,2012,Snow White and the Huntsman
1090,2012,A Perfect Ending
1074,2012,Madagascar 3: Europe's Most Wanted
5479,2012,Approved for Adoption
1078,2012,That's My Boy
1099,2012,Blue Lagoon: The Awakening
1072,2012,Abraham Lincoln: Vampire Hunter
1057,2012,Brave
1068,2012,I Want You
1050,2012,The Amazing Spider-Man
1064,2012,Berserk: The Golden Age Arc II - The Battle for Doldrey
1063,2012,Ice Age: Continental Drift
1075,2012,Ted
5511,2012,Madea's Witness Protection
1065,2012,The Dark Knight Rises
1120,2012,Step Up Revolution
1087,2012,Road to Ninja: Naruto the Movie
1113,2012,V/H/S
1101,2012,Total Recall
1061,2012,ParaNorman
1056,2012,The Expendables 2
1117,2012,The Bourne Legacy
1076,2012,Secret of the Wings
2130,2012,Planet Dinosaur: Ultimate Killers
4739,2012,Partners in Crime
1122,2012,Rurouni Kenshin Part I: Origins
1089,2012,The Possession
1102,2012,Jan Dara: The Beginning
1094,2012,Dredd
1125,2012,6 Bullets
2260,2012,What the Day Owes the Night
1105,2012,Partysaurus Rex
1054,2012,Hotel Transylvania
1100,2012,The Perks of Being a Wallflower
4052,2012,Trouble with the Curve
1118,2012,Resident Evil: Damnation
1096,2012,Looper
1079,2012,Taken 2
1119,2012,Pitch Perfect
1082,2012,Frankenweenie
1081,2012,Big Top Scooby-Doo!
1103,2012,Silent Hill: Revelation 3D
1052,2012,Wrong Turn 5: Bloodlines
1070,2012,Skyfall
1121,2012,A Werewolf Boy
1060,2012,Wreck-It Ralph
2860,2012,The Act of Killing
1051,2012,The Twilight Saga: Breaking Dawn - Part 2
1107,2012,Silver Linings Playbook
1080,2012,Life of Pi
1073,2012,Rise of the Guardians
3920,2012,Mumford & Sons: The Road to Red Rocks
5213,2012,Playing for Keeps
1115,2012,Home Alone: The Holiday Heist
1053,2012,The Hobbit: An Unexpected Journey
1116,2012,Les Misérables
1055,2012,Jack Reacher
1071,2012,Django Unchained
5845,2012,Feu: Crazy Horse Paris
996,2013,Texas Chainsaw 3D
1044,2013,"Batman: The Dark Knight Returns, Part 2"
1035,2013,Death Race: Inferno
4633,2013,Fish: Fishheads Club Live at University of Derby Faculty of the Arts
990,2013,A Haunted House
1001,2013,Hansel & Gretel: Witch Hunters
1016,2013,Mama
1015,2013,A Good Day to Die Hard
999,2013,Jack the Giant Slayer
2675,2013,Richard III: The Unseen Story
1034,2013,The Last Exorcism Part II
1010,2013,Ryo
4367,2013,Napalm - the sound of the industrial city
976,2013,It Boy
5425,2013,The Fall of the Male Empire
1028,2013,The Call
987,2013,The Croods
1004,2013,Olympus Has Fallen
6453,2013,Chupacabra vs. the Alamo
973,2013,G.I. Joe: Retaliation
982,2013,Dragon Ball Z: Battle of Gods
1005,2013,Evil Dead
991,2013,Oblivion
972,2013,Scary Movie 5
979,2013,Iron Man 3
1006,2013,Pain & Gain
988,2013,Iron Man: Rise of Technovore
2834,2013,Congo: The Grand Inga Project
1017,2013,Star Trek Into Darkness
1031,2013,Epic
986,2013,The Hangover Part III
994,2013,Now You See Me
1029,2013,After Earth
974,2013,The Purge
984,2013,V/H/S/2
995,2013,Man of Steel
968,2013,Monsters University
969,2013,World War Z
2152,2013,My Mom Is a Character
981,2013,Despicable Me 2
1014,2013,White House Down
971,2013,Grown Ups 2
975,2013,Pacific Rim
1040,2013,Turbo
3068,2013,Louis Cyr : The Strongest Man in the World
966,2013,The Conjuring
1018,2013,R.I.P.D.
1019,2013,Underdogs
1037,2013,The Wind Rises
1039,2013,Instructions Not Included
1024,2013,The Smurfs 2
2558,2013,Justice League: The Flashpoint Paradox
1013,2013,Snowpiercer
1036,2013,2 Guns
1012,2013,We're the Millers
1041,2013,The Flu
1011,2013,Young & Beautiful
1026,2013,The Mortal Instruments: City of Bones
1002,2013,You're Next
993,2013,I Spit on Your Grave 2
1022,2013,Rush
1025,2013,Riddick
989,2013,About Time
1033,2013,Pleasure or Pain
1000,2013,Insidious: Chapter 2
997,2013,Coherence
1007,2013,Prisoners
1027,2013,Sweet Whip
1008,2013,Cloudy with a Chance of Meatballs 2
3096,2013,The Garden of Sinners: Recalled Out Summer - Extra Chorus
1020,2013,The Book of Daniel
1045,2013,Gravity
992,2013,Curse of Chucky
1032,2013,Escape Plan
1021,2013,Carrie
1043,2013,12 Years a Slave
1023,2013,All Hallows' Eve
978,2013,Thor: The Dark World
4777,2013,Elvis Costello: Mystery Dance
998,2013,Homefront
977,2013,The Hunger Games: Catching Fire
4545,2013,Minuscule: Valley of the Lost Ants
970,2013,Frozen
2874,2013,Werner Herzog and Errol Morris on 'The Act of Killing'
1030,2013,Love Lesson
980,2013,The Hobbit: The Desolation of Smaug
1038,2013,Her
5527,2013,Walking with Dinosaurs
985,2013,Lone Survivor
967,2013,The Wolf of Wall Street
983,2013,Nymphomaniac: Vol. II
1042,2013,Hunter x Hunter: The Last Mission
1009,2013,Enemy
2673,2014,Richard III: The New Evidence
3444,2014,101 Modern LA Vampires
2562,2014,Justice League: War
952,2014,"I, Frankenstein"
964,2014,RoboCop
947,2014,Tinker Bell and the Pirate Fairy
945,2014,The Grand Budapest Hotel
936,2014,300: Rise of an Empire
960,2014,Noah
933,2014,Need for Speed
934,2014,Divergent
935,2014,Rio 2
958,2014,Captain America: The Winter Soldier
891,2014,The Amazing Spider-Man 2
961,2014,Heaven Is for Real
915,2014,A Haunted House 2
4247,2014,Night Winter People
5575,2014,Inside the Wolf's Belly: Adventures of Little Red Cap
914,2014,Godzilla
923,2014,X-Men: Days of Future Past
956,2014,The Fault in Our Stars
909,2014,Blended
2160,2014,A Gift with a Character
922,2014,Edge of Tomorrow
901,2014,Maleficent
913,2014,How to Train Your Dragon 2
920,2014,22 Jump Street
2267,2014,What We Do in the Shadows
953,2014,Saint Seiya: Legend of Sanctuary
927,2014,Creep
918,2014,Transformers: Age of Extinction
910,2014,Dawn of the Planet of the Apes
908,2014,The Purge: Anarchy
924,2014,Sex Tape
939,2014,Lucy
955,2014,Guardians of the Galaxy
892,2014,The Expendables 3
897,2014,Teenage Mutant Ninja Turtles
904,2014,Stand by Me Doraemon
948,2014,Let's Be Cops
930,2014,"As Above, So Below"
940,2014,Sin City: A Dame to Kill For
950,2014,Wrong Turn 6: Last Resort
928,2014,The Remaining
929,2014,Predestination
6367,2014,Red Rose
889,2014,The Maze Runner
944,2014,A Walk Among the Tombstones
5529,2014,Walking with Dinosaurs: Prehistoric Planet 3D
886,2014,The Equalizer
912,2014,It Follows
905,2014,Gone Girl
906,2014,The Book of Life
919,2014,We'll Never Have Paris
965,2014,Dracula Untold
916,2014,Annabelle
949,2014,Left Behind
941,2014,The Judge
4915,2014,One Direction: Where We Are – The Concert Film
900,2014,Whiplash
894,2014,Fury
957,2014,GirlHouse
959,2014,"Love, Rosie"
943,2014,Birdman or (The Unexpected Virtue of Ignorance)
895,2014,The Taking of Deborah Logan
926,2014,John Wick
911,2014,Nightcrawler
888,2014,Big Hero 6
962,2014,Ouija
3670,2014,Tribes of the Moon: The Making of Nightbreed
946,2014,30 Monedas
887,2014,Interstellar
938,2014,Dumb and Dumber To
907,2014,The Imitation Game
3878,2023,"Furious Saint Jack & Otter, Alone"
899,2014,The Hunger Games: Mockingjay - Part 1
902,2014,Penguins of Madagascar
963,2014,Toy Story That Time Forgot
2842,2014,Jingle All the Way 2
898,2014,Exodus: Gods and Kings
942,2014,The Pyramid
932,2014,The Last: Naruto the Movie
890,2014,The Hobbit: The Battle of the Five Armies
937,2014,Tinker Bell and the Legend of the NeverBeast
951,2014,Seventh Son
893,2014,Kingsman: The Secret Service
903,2014,Taken 3
925,2014,Night at the Museum: Secret of the Tomb
4415,2014,Indochine - Black City Concert - Stade de France 2014
896,2014,American Sniper
921,2014,The Interview
917,2023,One Piece 3D2Y: Overcome Ace's Death! Luffy's Vow to his Friends
4309,2023,Koma
822,2015,Justice League: Throne of Atlantis
861,2015,Wild Card
869,2015,The Wedding Ringer
860,2015,Ex Machina
821,2015,The Witch
850,2015,The SpongeBob Movie: Sponge Out of Water
855,2015,Project Almanac
830,2015,Jupiter Ascending
865,2015,X-Rated: The Greatest Adult Movies of All Time
2584,2015,LEGO DC Comics Super Heroes: Justice League vs. Bizarro League
808,2015,Fifty Shades of Grey
2892,2015,Ah Boys to Men 3: Frogmen
858,2015,"McFarland, USA"
2685,2015,Dragonheart 3: The Sorcerer's Curse
871,2015,Focus
838,2015,Chappie
814,2015,Superfast!
840,2015,Empire of Lust
813,2015,Cinderella
859,2015,The Corpse of Anna Fritz
841,2015,Insurgent
868,2015,Home
863,2015,Southpaw
812,2015,Furious 7
4108,2015,Spooks: The Greater Good
847,2015,The Age of Adaline
820,2015,Dragon Ball Z: Resurrection 'F'
811,2015,Avengers: Age of Ultron
2279,2023,The Death of Superman Lives: What Happened?
856,2015,Spy
867,2015,Pitch Perfect 2
810,2015,Miss Hokusai
818,2015,Mad Max: Fury Road
815,2015,Tomorrowland
817,2015,San Andreas
836,2015,Insidious: Chapter 3
853,2015,Hot Girls Wanted
824,2015,Jurassic World
807,2015,Inside Out
882,2015,Minions
2580,2015,Justice League: Gods and Monsters
4255,2015,Leviathan: The Story of Hellraiser and Hellbound: Hellraiser II
806,2015,Terminator Genisys
816,2015,Ted 2
854,2015,Knock Knock
2788,2015,Mississippi Grind
852,2015,Bāhubali: The Beginning
837,2015,Ant-Man
4819,2023,Confessions of My Dangerous Mind
826,2015,Pixels
6125,2015,Joe Dirt 2: Beautiful Loser
819,2015,Mission: Impossible - Rogue Nation
844,2015,The Vatican Tapes
870,2015,Vacation
848,2015,Descendants
857,2015,Goosebumps
832,2015,Boruto: Naruto the Movie
864,2015,Sinister 2
839,2015,Mom's Friend
851,2015,Hitman: Agent 47
881,2015,War Room
2709,2015,The Libertines - Rock en Seine 2015
879,2015,The Transporter Refueled
5799,2015,Welcome Back
825,2015,Maze Runner: The Scorch Trials
849,2015,Legend
842,2015,Hidden
809,2015,Sicario
4034,2015,Haikyuu!! Movie 2: Winners and Losers
835,2015,Hotel Transylvania 2
878,2015,The Intern
877,2015,Female War: A Nasty Deal
843,2015,The Martian
884,2015,Chronicles of the Ghostly Tribe
833,2015,I Spit on Your Grave III: Vengeance Is Mine
6205,2015,Dark Woods II
885,2015,Crimson Peak
2241,2015,Lumberjack Man
2324,2015,Bruce Lee - The Fighter
874,2015,The Last Witch Hunter
834,2015,Scouts Guide to the Zombie Apocalypse
846,2015,Spectre
828,2015,A Delicious Flight
829,2015,The Good Dinosaur
827,2015,The Hunger Games: Mockingjay - Part 2
831,2015,Creed
883,2015,In the Heart of the Sea
880,2015,The Big Short
823,2015,Star Wars: The Force Awakens
866,2015,Alvin and the Chipmunks: The Road Chip
872,2015,One Piece: Adventure of Nebulandia
876,2015,Joy
845,2015,The Revenant
873,2015,The Hateful Eight
4259,2016,Mafia: Survival Game
794,2016,13 Hours: The Secret Soldiers of Benghazi
801,2016,Jarhead 3: The Siege
2780,2016,GrindHouse 2wo
2576,2016,LEGO DC Comics Super Heroes: Justice League: Cosmic Clash
3613,2016,To Steal from a Thief
5579,2016,Late Shift
5371,2023,Lost in the Universe
2570,2016,Justice League vs. Teen Titans
6013,2016,Eddie Izzard: Marathon Man for Sport Relief
2418,2016,Boycott This!
2560,2016,LEGO DC Comics Super Heroes: Justice League - Gotham City Breakout
804,2016,Free State of Jones
4857,2016,Too Young To Die!
4697,2016,Between Sea and Land
2661,2023,Almeida Theatre Live: Richard III
2852,2016,Batman: The Killing Joke
803,2016,Operation Chromite
796,2016,Sniper: Ghost Shooter
799,2016,Chosen
805,2016,Anthropoid
797,2016,USS Indianapolis: Men of Courage
800,2016,Operation Mekong
795,2016,Mine
793,2016,Hacksaw Ridge
2342,2016,#SCREAMERS
6279,2016,Kacey Musgraves: Country & Western Rhinestone Revue at Royal Albert Hall
2420,2016,'63 Boycott
4417,2016,In the Backyard of Hillary and Donald
2271,2016,What’s the Big Deal
802,2016,In This Corner of the World
798,2016,Allied
5565,2016,Mischievous Kiss The Movie: High School
5459,2016,The Lighthouse of the Orcas
4781,2016,Gav-e Zakhmi
6327,2016,The Autopsy of Jane Doe
2150,2016,My Mom Is a Character 2
2248,2016,"8:20AM, Scorpion Express"
6593,2023,Renegade
789,2017,xXx: Return of Xander Cage
2568,2017,Justice League Dark
5475,2023,The Wild Ones: Charismatic Yakuza
779,2017,John Wick: Chapter 2
787,2017,To Her
777,2017,The Shack
3601,2017,Bizet: Carmen
6337,2017,Casper and Emma Go Hiking
792,2017,Beauty and the Beast
2275,2017,What the Health
2214,2017,The Big Sick
785,2017,The Fate of the Furious
2496,2017,Case Closed: The Crimson Love Letter
788,2017,Guardians of the Galaxy Vol. 2
778,2017,Alien: Covenant
4056,2017,My Happy Family
786,2017,Pirates of the Caribbean: Dead Men Tell No Tales
4521,2017,Churchill
782,2017,Spider-Man: Homecoming
2687,2017,Dragonheart: Battle for the Heartfire
3604,2023,Bizet: Carmen (Bregenz Festival)
3156,2017,O.J. Simpson: Chasing Freedom
780,2017,Annabelle: Creation
3280,2017,Good Manners
5805,2017,Peace Breaker
2826,2017,The Congo Tribunal
2836,2017,This Is Congo
6275,2017,Dream Theater: Live at Budokan 2017
791,2017,Kingsman: The Golden Circle
790,2017,Jeepers Creepers 3
774,2017,Don't Sleep
784,2017,Thor: Ragnarok
776,2017,Blade Runner 2049
4651,2017,C'est la vie!
2850,2017,The Killing of a Sacred Deer
775,2017,Jigsaw
6541,2023,HiGH&LOW The Mighty Warriors
773,2017,Coco
2289,2017,What the Waters Left Behind
4913,2017,Where Are We?
5331,2017,"The Battle of Algiers, a Film Within History"
2556,2017,Justice League
3130,2017,The Last Shot in the Bar
783,2017,Along with the Gods: The Two Worlds
2671,2017,Richard III - version 3.0
4155,2017,Attenborough and the Empire of the Ants
2124,2018,Planet Dinosaur: Killer Elite
757,2018,Fifty Shades Freed
4993,2018,Tosca
4243,2018,He Loves Me
771,2018,Black Panther
3166,2018,The Legacy of a Whitetail Deer Hunter
772,2018,Ghostland
763,2018,Ready Player One
765,2018,A Quiet Place
5193,2018,My Name Is Thomas
755,2018,Avengers: Infinity War
6417,2018,Kikoriki. Deja Vu
3162,2018,Guptodhoner Sondhane
2216,2018,Psychic Manjara 8
4971,2023,Rhyme
762,2018,Deadpool 2
2821,2018,Congo - A Political Tragedy
5491,2018,"But, I Don't Know How to Do It Differently"
2786,2018,Grindsploitation 5: Schlocksploitation
770,2018,Hereditary
2519,2018,A Love Letter To The One I Made Up
5423,2018,The Fall of the American Empire
760,2018,The First Purge
761,2018,Mission: Impossible - Fallout
754,2018,The Equalizer 2
768,2018,Along with the Gods: The Last 49 Days
756,2018,The Meg
5309,2023,Eel
753,2018,The Nun
767,2018,Redcon-1
6287,2018,FLCL Alternative
4459,2018,The Music Box
769,2018,A Perfect 14
764,2018,Venom
6285,2018,FLCL Progressive
6083,2023,Komodo Dragons
2908,2018,Back Home
4249,2018,"Love, He Said"
3894,2018,Butterfly Kisses
3334,2018,Sarah Brightman - HYMN In Concert
2776,2018,Fantastic Beasts: The Crimes of Grindelwald
766,2018,Creed II
6061,2018,Yanni - Live at the Acropolis - 25th Anniversary
3623,2018,2.0
758,2018,Spider-Man: Into the Spider-Verse
5271,2018,Ice Princess Lily
5989,2018,Leprechaun Returns
3870,2018,The Iron Phoenix: Across the Thousands Miles
2134,2023,Planet Dinosaur: Alien World
733,2019,Uri: The Surgical Strike
5153,2019,The Third Eye 2
3984,2019,Rangeela Raja
745,2019,Iron Sky: The Coming Race
2596,2019,The Last Bonesetter: An Encounter with Don Felipe
2322,2019,The Resistance Fighter
3972,2019,Jo Pil-ho: The Dawning Rage
734,2019,Balkan Line
2484,2019,Gauguin a Tahiti - Il Paradiso Perduto
2824,2019,"Children of Congo, Listen!"
5801,2019,Welcome Back Mr. President
748,2019,Demon Slayer: Kimetsu no Yaiba Sibling's Bond
2578,2019,Justice League vs. the Fatal Five
751,2019,Pet Sematary
737,2019,After
752,2019,The Curse of La Llorona
738,2023,Avengers: Endgame
750,2019,John Wick: Chapter 3 - Parabellum
739,2019,Annabelle Comes Home
747,2019,Spider-Man: Far From Home
2244,2019,Psychic Yuranbon 8: The Movie
740,2019,Midsommar
736,2019,The Lion King
4439,2019,Six Hot Chicks in a Warehouse
746,2019,Fast & Furious Presents: Hobbs & Shaw
2273,2019,What You Gonna Do When the World's on Fire?
2755,2019,Invader Zim: Enter the Florpus
2659,2019,The Return of Richard III on the 9:24 am Train
735,2019,It Chapter Two
2614,2019,Jade Dynasty
6505,2019,Stephen King's IT: A Musical Parody
741,2019,Joker
2451,2019,Who's Afraid of Lady Chatterley?
4251,2019,"She Said, He Said"
4203,2019,American Tragedy
749,2019,Maleficent: Mistress of Evil
4327,2019,Gone for the Moment
742,2019,Terminator: Dark Fate
743,2019,Infidelity
5205,2019,Arrows of Outrageous Fortune
2715,2019,Libertines
744,2019,Bernie the Dolphin 2
2144,2019,My Mom Is a Character 3
6531,2020,Monthly Housewife Life
730,2020,Bad Boys for Life
5711,2020,Everything: The Real Thing Story
5521,2020,Truth or Consequences
5365,2020,Short Cuts: Cries and Whispers
2683,2020,Dragonheart: Vengeance
717,2020,Birds of Prey (and the Fantabulous Emancipation of One Harley Quinn)
723,2020,Sonic the Hedgehog
716,2020,SHIROBAKO The Movie
2254,2020,What Happened at the Carpenter's Shop
4505,2020,The Perfect Candidate
718,2020,Trolls World Tour
2832,2020,Once Upon a Time in Venezuela
2858,2020,The Postcard Killings
724,2020,Mortal Kombat Legends: Scorpion's Revenge
722,2020,Extraction
2566,2020,Justice League Dark: Apokolips War
3416,2023,Dave Matthews: Verizon Pay It Forward Live
2162,2020,I Want to Be Like the Main Character in a Novel
2902,2023,The Outlaw Thunder 2: Battle Dawn
729,2023,Rick and Morty vs. Genocider
727,2020,Greenland
2544,2020,Helmut Newton: The Bad and the Beautiful
728,2020,The SpongeBob Movie: Sponge on the Run
6091,2020,Female Boss Hooker
5437,2023,Freddy vs. Jason vs. Ash Comic Film
713,2020,After We Collided
731,2020,Mulan
4343,2020,The Return
5625,2020,Maverick Modigliani
2634,2020,The Legend of Jade Sword
719,2020,Vanguard
2246,2020,American Pie Presents: Girls' Rules
2928,2020,You Came Back
3554,2020,"Charlie Chaplin, The Genius of Liberty"
714,2020,Demon Slayer -Kimetsu no Yaiba- The Movie: Mugen Train
5753,2020,Haunting of the Mary Celeste
5251,2020,Jackpot
4050,2020,The Curve
715,2020,Girlfriend's Taste 2
4537,2020,Bill Eld: American Pop Culture Icon
3674,2020,Frank Lloyd Wright: Phoenix From the Ashes
720,2020,The Croods: A New Age
2512,2020,A love letter to the world
732,2020,Monster Hunter
726,2020,Wonder Woman 1984
721,2020,"Miraculous World: New York, United HeroeZ"
725,2020,Soul
3597,2020,HINAKURI 2020 ~Obake Hotel and 22 Santa Clauses~
5145,2021,Snapper
3611,2021,Steal
707,2021,Wrong Turn
6137,2021,Space Sweepers
2872,2021,The Killing of Two Lovers
3730,2021,Beans: The Movie: The Sequel: Electric Boogaloo: The Return Of The Bean Men
700,2021,Raya and the Last Dragon
675,2021,Zack Snyder's Justice League
701,2021,Godzilla vs. Kong
712,2021,Mortal Kombat
6127,2021,No Way Out
692,2021,Wrath of Man
4599,2021,Eye Without a Face
2312,2021,American Fighter
679,2021,Spiral: From the Book of Saw
711,2021,F9
708,2021,A Quiet Place Part II
688,2021,The Conjuring: The Devil Made Me Do It
691,2021,Cruella
702,2021,Luca
2527,2021,A Love Letter to the Basement
704,2021,The Forever Purge
696,2021,The Boss Baby: Family Business
6491,2021,Phir Milenge Chalte Chalte
676,2021,Secret Agent Dingledorf and His Trusty Dog Splat
709,2021,Black Widow
699,2021,Snake Eyes: G.I. Joe Origins
682,2021,The Suicide Squad
710,2021,Jungle Cruise
683,2021,PAW Patrol: The Movie
705,2021,Free Guy
5121,2021,The 13 Needles of Ghost Detective
681,2021,After We Fell
693,2021,Shang-Chi and the Legend of the Ten Rings
5351,2021,Confessions of Felix Krull
677,2021,Mondocane
678,2021,The Tomorrow War
689,2021,Infinite
690,2021,Dune
2870,2021,The Killing of Kenneth Chamberlain
697,2021,No Time to Die
684,2021,Venom: Let There Be Carnage
2856,2021,Killing Cabos 2: The Mask of El Máscara
5771,2021,The Seekers: Thrill Night
680,2023,Rick and Morty: The Great Yokai Battle of Akihabara
674,2021,Encanto
2269,2021,THE HISTORY OF JAZZ. WHAT IS JAZZ?
694,2021,Eternals
703,2021,Red Notice
5195,2021,Dear Thomas
2516,2021,The Making of Happier Than Ever: A Love Letter to Los Angeles
3160,2021,Gupt Gyaan
706,2021,Resident Evil: Welcome to Raccoon City
2523,2021,Letters to the Man I Love
685,2021,Sing 2
3298,2021,Saudade do Futuro
673,2021,Spider-Man: No Way Home
5715,2021,Sound! Euphonium Official Brass Band Concert ~Kitauji High School Brass Band 5th Regular Concert 5th Anniversary Concert~
698,2021,The Matrix Resurrections
687,2021,Ghost in the Shell: SAC_2045 Sustainable War
695,2021,The King's Man
686,2021,Jujutsu Kaisen 0
547,2022,Harry Potter 20th Anniversary: Return to Hogwarts
5061,2022,Rescue from Gilligan's Island: Trivia Edition
624,2022,The 355
541,2022,Project Gemini
614,2022,The Commando
472,2022,Scream
532,2022,Special Delivery
633,2022,Gold
5551,2022,Beautiful Minds
455,2022,Know Fear
646,2022,Redeeming Love
527,2022,The Ice Age Adventures of Buck Wild
554,2022,The Requin
665,2022,Silip Sa Apoy
474,2022,Moonfall
552,2022,Through My Window
557,2022,Lobis. Unknown Trasures
2285,2022,What to Do With the Dead Kaiju?
601,2022,Death on the Nile
2281,2022,What a Father!
463,2022,Uncharted
548,2022,Blacklight
469,2022,Dog
542,2022,The Ledge
627,2022,Texas Chainsaw Massacre
6465,2022,Witches: Masters of Time and Space
461,2022,Hotel Transylvania: Transformania
567,2022,No Exit
621,2022,The Outfit
453,2022,The Batman
449,2022,Zero Fucks Given
5681,2022,Doraemon: Nobita's Little Star Wars 2021
466,2022,Turning Red
605,2022,The Contractor
523,2022,The Exorcism of God
583,2022,The Adam Project
558,2022,Ambulance
477,2022,X
501,2022,The Bad Guys
667,2022,Panama
550,2022,Eternal 831
657,2022,Deep Water
645,2022,Dragon Knight
434,2022,Finnick
494,2022,The Lost City
521,2022,Everything Everywhere All at Once
599,2022,RRR
496,2022,Morbius
520,2022,The Mercator Trail
613,2022,Rise
468,2022,Fantastic Beasts: The Secrets of Dumbledore
507,2022,The Northman
460,2022,Sonic the Hedgehog 2
650,2022,Yaksha: Ruthless Operations
439,2022,The Great Arms Robbery
442,2022,Ogre
631,2022,The Unbearable Weight of Massive Talent
459,2022,Summer 1941
515,2022,Marlon Wayans Presents: The Headliners
639,2022,Virus:32
470,2022,365 Days: This Day
508,2022,Memory
497,2022,Sniper: The White Raven
462,2022,Doctor Strange in the Multiverse of Madness
534,2022,Last Seen Alive
511,2022,Shark Bait
603,2022,Shin Ultraman
572,2022,The Roundup
2624,2022,The Jade Skull
561,2022,The Quintessential Quintuplets Movie
592,2022,Fullmetal Alchemist: The Revenge of Scar
597,2022,Chip 'n Dale: Rescue Rangers
443,2022,Top Gun: Maverick
660,2022,Interceptor
458,2022,Inu-Oh
447,2022,Jurassic World Dominion
2817,2022,7 Haircuts in Congo
628,2022,Broker
476,2022,Dragon Ball Super: Super Hero
518,2022,The Witch: Part 2. The Other One
589,2022,Lightyear
594,2022,The Princess
651,2022,Collision
669,2022,Spiderhead
4461,2022,The Hound of the Baskervilles: Sherlock the Movie
580,2022,One Week Friends
513,2022,The Black Phone
578,2022,Elvis
2793,2022,Grindstone
6379,2022,The Power Of Music - Darrell's Story
539,2022,Fullmetal Alchemist: The Final Alchemy
584,2022,The Sea Beast
622,2022,Virgin Forest
626,2022,Marcel the Shell with Shoes On
475,2022,Minions: The Rise of Gru
576,2022,Decision to Leave
607,2022,Prizefighter: The Life of Jem Belcher
457,2022,Thor: Love and Thunder
545,2022,The Gray Man
573,2022,The Killer
618,2022,Where the Crawdads Sing
498,2022,Love Accidentally
514,2022,Alienoid
537,2022,H4Z4RD
564,2022,Nope
582,2022,Lit­tle Allan — The Human Antenna
570,2022,DC League of Super-Pets
590,2022,Orphan: First Kill
619,2022,Hansan: Rising Dragon
563,2022,Purple Hearts
448,2022,Prey
473,2022,Bullet Train
604,2022,Emergency Declaration
629,2022,Don't Blame Karma!
588,2022,Rise of the Teenage Mutant Ninja Turtles: The Movie
465,2022,Luck
478,2022,I Love My Dad
549,2022,Warriors of Future
585,2022,Carter
672,2022,Golden Escape
440,2022,One Piece Film Red
611,2022,Office Invasion
485,2022,Beast
540,2022,Secret Headquarters
546,2022,Shark Side of the Moon
562,2022,Wifelike
571,2022,Day Shift
2814,2022,There Is Still Dust Under the Congo
649,2022,Sniper: Rogue Mission
481,2022,The Next 365 Days
625,2022,Timescape
454,2022,After Ever Happy
655,2022,"Tad, the Lost Explorer and the Emerald Tablet"
512,2022,Samaritan
595,2022,Seoul Vibe
522,2022,Jikirag
616,2022,Wire Room
617,2022,Pinocchio
433,2022,Terror on the Prairie
510,2022,Medieval
612,2022,Barbarian
530,2022,Athena
526,2022,Jeepers Creepers: Reborn
2158,2022,Six Characters
5995,2022,Dear Kurt
484,2022,The Woman King
565,2022,Pearl
670,2022,Triangle of Sadness
492,2022,Project Wolf Hunting
598,2022,Don't Worry Darling
600,2022,The Enforcer
2828,2022,Congo 1961
500,2022,The Infernal Machine
517,2022,Smile
609,2022,Lou
623,2022,TÁR
637,2022,Bandit
480,2022,Werewolf by Night
504,2022,A Trip to Infinity
5661,2022,Serial Killer Psyche: The Horror Within
5301,2022,Astonishing Tales of Terror: Rocktapussy!
438,2022,Two Of A Kind
636,2022,Hellraiser
2679,2022,Royal Shakespeare Company: Richard III
579,2022,"Eagle and Jaguar, The Legendary Warriors"
441,2022,Just Super
464,2022,The Magic Flute
489,2022,Hocus Pocus 2
519,2022,Attack on Titan
2204,2022,Sick of Myself
634,2022,Dead Bride
630,2022,Trick or Treat Scooby-Doo!
3470,2022,They Crawl Beneath
566,2022,The Trapped 13: How We Survived The Thai Cave
490,2022,20th Century Girl
503,2022,Terrifier 2
538,2022,Monster High: The Movie
581,2022,Sugar en aprietos
656,2022,Feed Me
482,2022,All Quiet on the Western Front
568,2022,"Lyle, Lyle, Crocodile"
635,2022,"To Me, the One Who Loved You"
641,2022,To Every You I've Loved Before
642,2022,Operation Seawolf
652,2022,Project Legion
606,2022,Mortal Kombat Legends: Snow Blind
531,2022,Halloween Ends
4627,2022,My Dear Bodyguard
529,2022,One More Shot
533,2022,Accident Man: Hitman's Holiday
444,2022,The Paloni Show! Halloween Special!
450,2022,Black Adam
543,2022,The School for Good and Evil
586,2022,Jerry & Marge Go Large
668,2022,The Banshees of Inisherin
644,2022,Detective Knight: Rogue
663,2022,Aftersun
471,2022,Sword Art Online the Movie -Progressive- Scherzo of Deep Night
654,2022,Prey for the Devil
516,2022,Blade of the 47 Ronin
509,2022,MexZombies
664,2022,Polar
437,2022,Raiders of the Lost Library
499,2022,Dampyr
544,2022,On the Line
608,2022,The Haunted Museum: 3 Ring Inferno
502,2022,Hex
486,2022,Shadow Master
591,2022,Enola Holmes 2
632,2022,Overdose
638,2022,The Minute You Wake Up Dead
445,2022,Black Panther: Wakanda Forever
551,2022,Guillermo del Toro's Pinocchio
647,2022,The Soccer Football Movie
575,2022,Lost Bullet 2
456,2022,Suzume
574,2022,Paradise City
559,2022,Glass Onion: A Knives Out Mystery
487,2022,R.I.P.D. 2: Rise of the Damned
2764,2022,At Home Among Strangers
569,2022,The Menu
661,2022,Diabolik - Ginko Attacks
555,2022,Lamborghini: The Man Behind the Legend
577,2022,Disenchanted
659,2022,Blue's Big City Adventure
671,2022,Scrooge: A Christmas Carol
602,2022,Devotion
648,2022,Strange World
495,2022,That Time I Got Reincarnated as a Slime the Movie: Scarlet Bond
528,2022,Roald Dahl's Matilda the Musical
560,2022,Battle for Saipan
596,2022,The Guardians of the Galaxy Holiday Special
505,2022,Violent Night
506,2022,My Name Is Vendetta
488,2022,Troll
536,2022,Emancipation
610,2022,Savage Salvation
553,2022,The First Slam Dunk
535,2022,The Boss Baby: Christmas Bonus
436,2022,Puss in Boots: The Last Wish
483,2022,The Whale
620,2022,Night at the Museum: Kahmunrah Rises Again
435,2022,Avatar: The Way of Water
467,2022,Mon héroïne
524,2022,A Frozen Rooster
2154,2022,Non-Player Character
593,2022,Adrenaline
653,2022,The Amazing Maurice
666,2022,High Heat
479,2022,Kaguya-sama: Love Is War -The First Kiss That Never Ends-
615,2022,The Big 4
493,2022,Babylon
452,2022,M3GAN
491,2022,Shotgun Wedding
525,2022,Encanto at the Hollywood Bowl
556,2022,A Man Called Otto
1636,2023,Operation Fortune: Ruse de Guerre
178,2023,The Sexologist
1635,2023,Mummies
1814,2023,Detective Conan: The Story of Ai Haibara: Black Iron Mystery Train
137,2023,Plane
205,2023,JUNG_E
183,2023,SpongeBob SquarePants Presents The Tidal Zone
188,2023,The Devil Conspiracy
1742,2023,The Tomorrow Job
5455,2023,Disconnect: The Wedding Planner
185,2023,Sakra
139,2023,Chef Jack: The Adventurous Cook
2287,2023,What! The Heist
202,2023,In My Mother's Skin
1686,2023,Kids vs. Aliens
1738,2023,Aliens Abducted My Parents and Now I Feel Kinda Left Out
158,2023,The Wandering Earth II
1768,2023,Deep Sea
1780,2023,Lupin The 3rd vs. Cat’s Eye
161,2023,Epic Tails
1807,2023,No Dogs or Italians Allowed
208,2023,Operation Napoleon
1672,2023,Unhappily Ever After
1737,2023,Left Behind: Rise of the Antichrist
99,2023,Sisu
1683,2023,Infinity Pool
1859,2023,Gold Kingdom and Water Kingdom
4701,2023,Mr. Moonlight: The Beatles Budokan Performance 1966 - A Dream We Had Together
1820,2023,Lego Friends: The Next Chapter: New Beginnings
168,2023,Knock at the Cabin
1661,2023,Asterix & Obelix: The Middle Kingdom
1805,2023,Dounia and the Princess of Aleppo
1808,2023,Rock Dog 3: Battle the Beat
3762,2023,What Men Talk About: Simple Pleasures
1692,2023,Legion of Super-Heroes
5189,2023,Screaming Soup Presents: Attack of the Killer Tomatoes Retrospective
1665,2023,Magic Mike's Last Dance
1704,2023,The Outwaters
53,2023,Heaven in Hell
169,2023,Amigos
194,2023,My First Barbie: Happy DreamDay
97,2023,Ant-Man and the Wasp: Quantumania
207,2023,Sasaki and Miyano: Graduation
1795,2023,Blue Giant
1843,2023,My Year of Dicks
140,2023,Cocaine Bear
1629,2023,Die Hart
1832,2023,Katak: The Brave Beluga
1743,2023,The Quantum Devil
98,2023,Creed III
92,2023,Mavka: The Forest Song
204,2023,65
1680,2023,The Park
146,2023,A Little White Lie
159,2023,Doraemon: Nobita's Sky Utopia
197,2023,Sayen
1792,2023,Barbie: Skipper and the Big Babysitting Adventure
126,2023,Let Her Kill You
142,2023,Scream VI
49,2023,The Ritual Killer
2795,2023,Chronicles of a sodium chloride grinder
1775,2023,Batman: The Doom That Came to Gotham
1777,2023,The Magician's Elephant
160,2023,Appendage
1639,2023,Flamin' Hot
1712,2023,If You Were the Last
112,2023,Shazam! Fury of the Gods
66,2023,Awareness
136,2023,Under Therapy
164,2023,Shin Kamen Rider
1684,2023,Last Sentinel
1724,2023,Linoleum
1860,2023,We Lost Our Human
55,2023,John Wick: Chapter 4
105,2023,Cats in the Museum
116,2023,Dungeons & Dragons: Honor Among Thieves
1757,2023,Gridman Universe
150,2023,Murder Mystery 2
1674,2023,"Are You There God? It's Me, Margaret."
1681,2023,Simulant
1711,2023,Assassin
1722,2023,Space Oddity
1826,2023,The Klutzy Witch: Fūka and the Dark Witch
148,2023,Fist of the Condor
1634,2023,Beautiful Disaster
50,2023,The Super Mario Bros. Movie
94,2023,The Pope's Exorcist
6221,2023,The Three Musketeers: D'Artagnan
1640,2023,Ride On
1650,2023,Renfield
1740,2023,LOLA
157,2023,Evil Dead Rise
171,2023,Darkland: The Return
1675,2023,Mafia Mamma
103,2023,Detective Conan: Black Iron Submarine
167,2023,The Last Kingdom: Seven Kings Must Die
1666,2023,Beau Is Afraid
113,2023,Ghosted
68,2023,Guy Ritchie's The Covenant
1703,2023,Mighty Morphin Power Rangers: Once & Always
1756,2023,Tomorrow Before After
104,2023,War of the Worlds : The Attack
131,2023,Viking: Bloodlust
192,2023,The Best Man
1671,2023,¡Vaya vacaciones!
1734,2023,Space Wars: Quest for the Deepstar
1790,2023,Hanna and the Monsters
1773,2023,"Justice League x RWBY: Super Heroes & Huntsmen, Part One"
213,2023,The Black Demon
1676,2023,Dream
1687,2023,Robots
91,2023,Knights of the Zodiac
1647,2023,Polite Society
1705,2023,The Artifice Girl
1733,2023,Resurrected
2258,2023,What the Waters Left Behind: Scars
180,2023,AKA
73,2023,Guardians of the Galaxy Vol. 3
138,2023,The Mother
1691,2023,Maggie Simpson in Rogue Not Quite One
211,2023,Ip Man: The Awakening
5923,2023,Mother’s Day is Cancelled
108,2023,Hypnotic
1690,2023,Alien Invasion
153,2023,Crater
1802,2023,Rally Road Racers
1840,2023,Psycho-Pass: Providence
1744,2023,Roswell Delirium
1774,2023,The Swan Princess: A Fairytale Is Born
1798,2023,The Girl from the Other Side
37,2023,Fast X
79,2023,The Little Mermaid
1855,2023,Chicken for Linda!
1651,2023,Buddy Games: Spring Awakening
2669,2023,Shakespeare in the Park: Richard III
195,2023,Mother's Day
74,2023,Kandahar
1668,2023,About My Father
198,2023,The Wrath of Becky
1755,2023,Headspace
4797,2023,Collar×Malice: deep cover
46,2023,Spider-Man: Across the Spider-Verse
210,2023,The Boogeyman
6129,2023,The Roundup: No Way Out
34,2023,Transformers: Rise of the Beasts
1797,2023,Taz: Quest for Burger
1845,2023,My Love Affair with Marriage
59,2023,My Fault
1630,2023,Asteroid City
1643,2023,Medusa Deluxe
3466,2023,Chasing Chasing Amy
72,2023,Extraction 2
147,2023,97 Minutes
1793,2023,Pretty Guardian Sailor Moon Cosmos The Movie Part 1
1851,2023,The Spider Within: A Spider-Verse Story
40,2023,The Flash
1707,2023,Fear the Invisible Man
42,2023,Elemental
1673,2023,They Cloned Tyrone
47,2023,Carl's Date
67,2023,No Hard Feelings
1627,2023,The Blackening
1713,2023,Forgotten Experiment
63,2023,Adipurush
162,2023,Black Clover: Sword of the Wizard King
1726,2023,Kepler Sexto B
69,2023,Resident Evil: Death Island
173,2023,Sheroes
176,2023,Through My Window: Across the Sea
196,2023,Not Such An Easy Life
1633,2023,Nimona
1813,2023,Rascal Does Not Dream of a Sister Venturing Out
6219,2023,"Desperate Souls, Dark City and the Legend of Midnight Cowboy"
1682,2023,Paradise
123,2023,Confidential Informant
52,2023,Indiana Jones and the Dial of Destiny
84,2023,"Ruby Gillman, Teenage Kraken"
80,2023,Murder City
60,2023,Warhorse One
1816,2023,Pretty Guardian Sailor Moon Cosmos The Movie Part 2
1772,2023,Fate/strange Fake -Whispers of Dawn-
1800,2023,Chang An
31,2023,Sound of Freedom
82,2023,"Miraculous: Ladybug & Cat Noir, The Movie"
132,2023,Insidious: The Red Door
83,2023,Hidden Strike
118,2023,The White Storm 3: Heaven or Hell
201,2023,How to Deal with a Heartbreak
1649,2023,Expiration Date
129,2023,The Out-Laws
1762,2023,Biosphere
22,2023,Mission: Impossible - Dead Reckoning Part One
152,2023,Mr. Car and the Knights Templar
1688,2023,Gray Matter
61,2023,The Flood
156,2023,The Legend of the Spirits
186,2023,Jericho Ridge
1685,2023,Bird Box Barcelona
1767,2023,The Boy and the Heron
1850,2023,The Quintessential Quintuplets∽
38,2023,Barbie
58,2023,Oppenheimer
165,2023,Sympathy for the Devil
1701,2023,"Ready, Jet, Go! Space Camp: The Movie"
121,2023,Fear the Night
163,2023,The Venture Bros.: Radiant Is the Blood of the Baboon Heart
5953,2023,Tierra
85,2023,Justice League: Warworld
2483,2023,Henri Rousseau (In Search Of A Fantasy Paradise)
43,2023,Talk to Me
54,2023,Haunted Mansion
212,2023,"Red, White & Royal Blue"
1655,2023,Zoey 102
95,2023,Kingdom 3: The Flame of Fate
110,2023,Sons of Summer
209,2023,The Wonderful World of Mickey Mouse: Steamboat Silly
5493,2023,Rocky Aur Rani Kii Prem Kahaani
88,2023,Teenage Mutant Ninja Turtles: Mutant Mayhem
100,2023,River Wild
1700,2023,Bigfoot vs Megalodon 2
2636,2023,Nick and the Jade Tree
2877,2023,The Killing of Billy the Kid
25,2023,Meg 2: The Trench
81,2023,Soulcatcher
1714,2023,The Moon
134,2023,Zom 100: Bucket List of the Dead
200,2023,Head to Head
70,2023,Mob Land
111,2023,Shortcomings
1644,2023,Divine Intervention
1753,2023,Maid Droid
1801,2023,New Dimension! Crayon Shinchan the Movie: Battle of Supernatural Powers ~Flying Sushi~
1835,2023,Sound! Euphonium: Ensemble Contest
119,2023,The Seven Deadly Sins: Grudge of Edinburgh Part 2
23,2023,Gran Turismo
56,2023,Heart of Stone
130,2023,The Last Voyage of the Demeter
1677,2023,Concrete Utopia
101,2023,Jagun Jagun
1632,2023,Love in Taipei
1662,2023,Jules
191,2023,The Monkey King
1699,2023,The Pod Generation
1730,2023,Aporia
133,2023,Babylon 5: The Road Home
30,2023,Blue Beetle
1710,2023,T.I.M.
90,2023,Strays
1776,2023,Snoopy Presents: One-of-a-Kind Marcie
1653,2023,You Are So Not Invited to My Bat Mitzvah
1664,2023,Campeonex
1694,2023,Megalodon: The Frenzy
1741,2023,Landscape with Invisible Hand
1760,2023,Sand Land
1771,2023,LEGO Disney Princess: The Castle Quest
1658,2023,Metalocalypse: Army of the Doomstar
26,2023,Retribution
193,2023,Mojave Diamonds
1631,2023,The Retirement Plan
1854,2023,10 Lives
102,2023,The Squad: Home Run
155,2023,Bottoms
1638,2023,Vacation Friends 2
2879,2023,Killer Book Club
1645,2023,Sentinelle
17,2023,The Equalizer 3
1628,2023,The Doorman
174,2023,Don't Look Away
1669,2023,Happy Ending
1697,2023,Ánima
24,2023,The Nun II
89,2023,It Lives Inside
128,2023,Me Vuelves Loca
1626,2023,My Big Fat Greek Wedding 3
1667,2023,Sitting in Bars with Cake
125,2023,A Million Miles Away
1648,2023,El Conde
1657,2023,Rotting in the Sun
2277,2023,What We See
44,2023,After Everything
77,2023,Freestyle
170,2023,A Haunting in Venice
36,2023,The Kill Room
78,2023,I Am Rage
1652,2023,Welcome al Norte
14,2023,Expend4bles
187,2023,Love at First Sight
1659,2023,Dumb Money
1723,2023,Mark Antony
1824,2023,Pretty Cure All Stars F
1833,2023,The Inventor
1841,2023,Alice and Therese's Illusory Factory
2262,2023,What Is the Weather Like There?
184,2023,The Wonderful Story of Henry Sugar
32,2023,PAW Patrol: The Mighty Movie
76,2023,¿Quieres ser mi hijo?
189,2023,Heroic
1642,2023,Surviving My Quinceañera
57,2023,The Black Book
64,2023,V/H/S/85
114,2023,No One Will Save You
115,2023,Spy Kids: Armageddon
1702,2023,Dark Asset
1769,2023,Strawberry Shortcake and the Beast of Berry Bog
1799,2023,The Canterville Ghost
117,2023,Pet Sematary: Bloodlines
51,2023,Once Upon a Studio
1838,2023,Stopmotion
16,2023,Saw X
33,2023,Sniper: G.R.I.T. - Global Response & Intelligence Team
120,2023,"Scooby-Doo! And Krypto, Too!"
28,2023,Overhaul
96,2023,The Creator
127,2023,Forgotten Love
5237,2023,Play it again...
87,2023,A Really Haunted Loud House
144,2023,Totally Killer
166,2023,Love Is in the Air
177,2023,Fair Play
1708,2023,贝肯熊3：火星任务
18,2023,Nowhere
19,2023,Muzzle
20,2023,57 Seconds
124,2023,Reptile
141,2023,The Rat Catcher
1637,2023,Do Not Disturb
2486,2023,The Silent Service
151,2023,Poison
1791,2023,Mickey and Friends: Trick or Treats
4281,2023,The Night Visitors
106,2023,Make Me Scream
1749,2023,Ghost Adventures: Goldfield Hotel
29,2023,Race to the Summit
35,2023,The Exorcist: Believer
1689,2023,The Animal Kingdom
21,2023,Ballerina
62,2023,Scarygirl
1670,2023,Freelance
1679,2023,Monster High 2
109,2023,The Burial
122,2023,A Deadly Invitation
1706,2023,Monsters of California
1716,2023,Foe
1837,2023,They Shot the Piano Player
6333,2023,Peril!
149,2023,The Mill
1810,2023,LEGO Jurassic Park: The Unofficial Retelling
75,2023,Dark Harvest
1747,2023,Mantra Warrior: The Legend of The Eight Moons
1836,2023,Nina and the Hedgehog's Secret
145,2023,Trolls Band Together
1748,2023,Maria
5555,2023,Night of the Hunted
65,2023,Jigen Daisuke
93,2023,The Conference
179,2023,TAYLOR SWIFT | THE ERAS TOUR
1709,2023,Divinity
1717,2023,Mega Ape
1721,2023,The Replaceables
1803,2023,The Peasants
1839,2023,Butterfly Tale
1847,2023,Kaina of the Great Snow Sea: Star Sage
1732,2023,The Kitchen
15,2023,Mortal Kombat Legends: Cage Match
45,2023,"Justice League x RWBY: Super Heroes & Huntsmen, Part Two"
190,2023,The Devil on Trial
41,2023,Killers of the Flower Moon
1766,2023,Kinetic
1809,2023,Kensuke's Kingdom
39,2023,Desperation Road
71,2023,Radical
107,2023,The Other Zoey
135,2023,Crypto Boy
154,2023,Sayen: Desert Road
181,2023,Leo
1796,2023,Peter & the Wolf
1853,2023,Северные амуры
1856,2023,Hölderlin’s Echo
143,2023,Old Dads
206,2023,Vjeran Tomic: The Spider-Man of Paris
1656,2023,Kandasamys: The Baby
1727,2023,Mobile Suit Gundam SEED Destiny TV Movie II: Their Respective Swords
1745,2023,Lost Marbles
1759,2023,Moon Ghost
1804,2023,The Concierge
1806,2023,Robot Dreams
1817,2023,The Forest of Miss Tang
1821,2023,Kenje Kyz
48,2023,"Miraculous World: Paris, Tales of Shadybug and Claw Noir"
1663,2023,'Twas the Text Before Christmas
1725,2023,The Female Side Effect
1786,2023,Do Not Copy
27,2023,Five Nights at Freddy's
2886,2023,Devildriver - Winter Kills (Bonus DVD)
